x1,x2,x3,x4,y
0.6932941434278872,-0.13734764479794961,-2.1419925142466005,2.084016716467751,A
1.9100735014046855,0.3168777461765033,0.01146210773027656,1.1810612550850181,B
1.1015906306513792,-0.38708060529855015,-0.9857409413585894,0.7464435554061134,B
-0.8879883146696211,0.04153651772903843,-1.4156920414941447,1.086748429224052,A
2.17419777660965,-0.36450797740521446,-2.2526562383205873,2.3830975414697653,B
1.4189053698014176,-0.2844971589696897,-1.3233415802981003,1.3433496963794973,B
-1.2566377061529035,-0.15692116368719267,-1.2640468124044304,0.5000495980134523,A
0.8961228974366723,-0.6662039393346487,-2.5818481491883665,1.7606912543748972,B
-2.167700255103103,0.45768337687002986,-1.2528281889976738,1.103893021014121,A
-1.3564705720669399,1.22733569037835,-2.1685544508394035,3.463995242031567,A
1.584493060286959,-0.056987827245109,-1.727536457603761,2.1409338565657503,B
0.15722054035020228,-0.2784497656993469,-1.730590722048249,1.2768223023348646,A
1.3463505737323604,-0.20076876868454593,-1.9007136398469582,1.9962513725763482,B
1.871106540537046,0.24711391686163395,-0.03129523347474161,1.099692922376228,B
-0.9633863210747272,0.3854574111188617,-1.7734235802083442,1.9312909052037492,A
1.8316921977176155,-0.2735575628687574,-1.1952693314883827,1.3899990002617373,B
2.4149708493260307,-0.5291736977609452,-2.3116483534237187,2.273447764898966,B
1.7847278251308827,-0.18775152540781934,-1.6381616228915128,1.9273651477563174,B
1.1048459942748006,-0.6793168738129526,-2.095701923189278,1.3539011469923976,B
1.9120164130090842,-0.17256007295540374,-1.211048923866667,1.5906164527668518,B
-1.9068965755287075,-0.10955308648956344,-0.9592345259485554,0.04362956327655798,A
-0.7637340531007698,0.4727300913851866,-1.862863183281188,2.2247812006311465,A
0.9113187852711333,-0.9711266074678503,-3.184369174680545,1.8693608634141305,B
2.517498635699134,-0.49962248161073114,-2.3622892094566303,2.405067456890622,B
-1.8453839053049363,1.1919286647482483,-1.9941128923682137,3.063260439882315,A
-0.43575482519355346,0.395609081259816,-1.896288122714464,2.258092516304997,A
1.3832167201253032,-0.5519693310627879,-2.0591707730254973,1.6182078839134082,B
-1.3249854137963937,0.47935010410476603,-1.6720249840562202,1.8467513072421653,A
-0.31896853119017043,0.31927129494470563,-1.93909532298459,2.2238913070658737,A
1.581547180177645,-0.57359827020653,-3.0559567004244235,2.6076384312982546,B
-1.0682875844599926,0.4992949332983749,-1.7696785311744814,2.06502527838207,A
1.510315765934379,-0.7175087098676992,-2.9731594685083245,2.280197794452671,B
0.8480241336186699,-0.58568902467248,-2.129131785334987,1.4359713127449267,B
-0.6439892435181293,0.7954731017433617,-2.188094135476474,3.0773928933832293,A
0.8306792376305246,-0.6668113984167822,-2.9717479837994842,2.107252032765355,B
-1.3095124087051542,0.573930603817215,-1.8539332791231273,2.1719229916940854,A
0.04896985070794657,-0.7522273599240976,-1.3474784693821926,0.1399287662840929,B
-1.5352435409541374,0.9713711323988989,-1.9894197032245478,2.832075939092225,A
-0.8553255971407104,0.40227233376100735,-1.7671322670174674,1.9910126087746256,A
-0.38869889145434344,-0.07346706908110591,-1.703031867878999,1.3665032227105167,A
-0.31459383701679755,-0.08710457518517635,-1.7024068016721299,1.3720887888617026,A
-1.165910051674413,0.38789589252559076,-1.7178880645452885,1.8076586332025262,A
1.779206112383203,-0.06303334162165924,-1.123020543775186,1.6271073729213192,B
-2.105589803280121,0.8733062557530307,-1.7147012590153674,2.209026944373489,A
-0.35392135305317507,-1.0901791009852426,-2.529745617720018,0.5963062647325545,B
0.9095822939740629,-0.5081800824416443,-1.566161486281049,1.041862732764852,B
1.9653690597340683,0.0903339312821401,-0.878405682653359,1.699407489292487,B
-1.2162345519102828,0.6822788320834838,-1.9220483908983765,2.4385354438647413,A
-1.7287896620511602,0.6266505081506921,-1.6831195665683232,1.936409801568597,A
-1.496326938846263,0.07844244938027398,-1.2924848778952096,0.8026454395506404,A
1.2663048041375398,-0.018908543563488932,-0.9550296361538488,1.3465756398338846,B
-2.4606221044193486,0.9295396971242665,-1.6251896123017693,2.0800464700278933,A
-0.026899118010369927,-0.4232376443631685,-1.5831182414003917,0.844878710817591,A
2.5648247592201425,-0.7437406770325292,-3.1236216996200925,2.770839388271744,B
-0.1015714580375402,0.18145963715457095,-1.9962822494371866,2.1454146355260373,A
-0.9553656866833952,0.4563660691927872,-1.7473901146731492,2.0189853236679043,A
-0.10584969711699665,0.5239984388615702,-2.199288462946443,2.8665256008445166,A
-0.981316501426587,0.08840946881402538,-1.5807046238505211,1.2821001656062345,A
-0.173629403007304,-0.10748211391374088,-1.7504377147249854,1.4382157243022895,A
1.1593531549850407,-0.38469522964166514,-0.8370882800279866,0.62970793933145,B
2.0657018467064603,0.061758650091112775,-0.976433156686899,1.785572624425956,B
1.9424984472285067,-0.188523501435903,-0.7116384016699945,1.1012357276874436,B
1.7950284174963091,-0.3518690624017974,-2.4777217439138424,2.4776718788946432,B
1.6879672658638802,-0.36883020885780854,-1.525766176966211,1.504904954339153,B
1.248214476800476,0.12882020907470934,-0.37669385325113325,1.017024267781164,B
2.3229091636414525,0.6229119006825379,0.03271150587100813,1.7854506777627002,B
1.1331622831765624,-0.03715856806613713,0.01807428537011102,0.3420723921349076,B
1.6574627093103624,-0.20446650664857977,-1.2780954662476487,1.5116055598214528,A
2.18498579627154,-0.3378743337572032,-1.7806060371590884,1.9783610005314105,B
1.9340058096922852,-0.07834771042636304,-0.9825844869427895,1.5265400645334357,B
2.189401159910908,-0.5340307034403513,-2.087913634429242,1.96977914388508,B
-1.387292868773089,0.4493060557713366,-1.401215104063293,1.5193447996694749,A
-0.5446064819310124,0.355954136128299,-1.8501737500153799,2.112850620417779,A
-1.2960733288589965,0.34170437954370086,-1.6578704078712918,1.6312311100533297,A
1.5771352068784714,-0.24117610400204526,-1.1846859111840513,1.3363324542887773,B
-2.4456021929528022,0.22455114718614072,-0.953391276636425,0.3561511236930379,A
1.5373241511736844,0.03930914074386723,-0.9054820860941324,1.488968713573109,B
1.050381113287177,-0.594947262364959,-2.2697323765619886,1.6300707378434134,B
-1.0109787499204217,0.5127351279446948,-1.6886494152204938,2.029646229177559,A
-2.106060763265353,0.824125591671688,-1.4941764963864086,1.9227144514834726,A
2.9067519928342866,0.3087774086989471,-0.2480594796978033,1.7823808422672,B
1.7035140147016805,0.29949047223698727,-0.4218514454078961,1.4911757362317104,B
1.3078133928415787,-0.44495760830901865,-1.9629970302234658,1.664161494004568,B
1.4906030055902755,0.036178018989303694,-0.6838254090599113,1.25571633747893,B
0.7916207349820286,-0.6120431366608473,-2.181199217216811,1.4241314540398546,B
1.8659935638863154,-0.02060085302416919,-0.18769573252562277,0.8332381290773965,B
-1.5285476840987464,0.32331379610746847,-1.472856084430752,1.3410135713849072,A
1.4180385296904308,0.4094439622384672,-0.01961301946070937,1.1727503667213406,B
-0.29721197376515707,-0.07173887843469175,-1.543860673040802,1.2511300798336626,A
-0.8224047016305234,-0.11496361787880678,-1.4064210430612791,0.8602375312699917,A
-0.6483743539969485,0.12057216066320958,-1.6966062272444529,1.564678702612006,B
-0.9673958671552074,0.606171151508604,-1.9105301373106234,2.401479554050491,A
0.1206156419656299,-1.3058666623252286,-3.0858176740722616,0.9674969694028834,A
-2.3922247710555196,0.945854219528007,-1.5321714064274123,2.04176061148193,A
-1.610198519590306,0.3490890877428766,-1.410081380923468,1.2909875708110132,A
-1.4688852780330028,0.18483083893605864,-1.4686789207076563,1.1450161509629346,A
-2.4124650855575354,0.6362409254734438,-1.3815297986348423,1.4124055500117598,A
0.18404346765587065,-0.3748017810078745,-1.7209548447265137,1.1286390316722434,A
-1.6461094722524545,0.15727765943031144,-1.2400682251586312,0.8194136227110413,A
1.3627499960349825,-0.8758901245728844,-3.0780304501150972,2.0811718057170125,B
-0.06680111931039723,-0.3716634951250073,-0.8744483168065227,0.23454164980186465,B
1.4941801113277793,0.007323256720067644,-0.42544676391393765,0.9662222208703934,B
-1.7924543955584673,0.47858489633224194,-1.4313081509064571,1.4442653931410678,A
-1.7417268129860282,0.11331056318901783,-1.284486387107295,0.7586515851236798,A
0.4710437078911456,-0.8257813668967091,-1.9993508874961243,0.8027192930672408,B
-0.8453373878432987,-0.3558391886772487,-1.308586744805559,0.3864166197963592,A
1.8363533372228025,0.28820007731887554,0.39369227930539474,0.7453879881103525,B
1.2199268497152642,-0.25739177511784317,-1.473017540451422,1.4546933547900742,A
1.6827720272246725,0.47611355636487196,0.9188641953395891,0.4787609358403948,B
-1.3228349936328208,0.006582902165010042,-1.1906911787028123,0.6584146799805435,A
-0.7633800043832899,0.05473178609458279,-1.6173534449922344,1.3451370073593807,A
2.186723981231954,-0.10741001881802924,-0.9481514368889469,1.5417588653630059,B
0.435981963928461,0.11973267038127922,-2.115393538001185,2.3612353214618897,A
-0.020362453229505695,0.4723953971193793,-2.288939527500429,2.903670943608943,B
-1.9761488910855534,0.6759492160062242,-1.2583791799476796,1.5168454646975245,A
-0.07026828501731353,0.44472295455943733,-2.227112831474913,2.7836452182338194,A
-1.4547154174395052,0.26877724461216684,-1.3321733618865634,1.1498379319345267,A
1.2161718570296811,-0.21183283332062405,-0.668556713180763,0.7570689097713027,B
0.7535249633570489,-0.31107231468794494,-1.7969081715852788,1.5089031361338445,B
1.3651539229167624,0.11394848220691231,-0.15008719816302074,0.8210996204799019,B
0.7720647647904016,-0.5420545390663438,-2.225998952703311,1.5677657924305088,B
1.996879335426062,0.3774187284083614,0.5750991218883104,0.7693862643451795,B
-2.4644153687194503,0.9612551850154084,-1.3080155867374743,1.8253926852538556,A
-0.13584672394141384,-0.465578751227541,-1.3506204664830515,0.5178323711809705,A
-0.9999204608353873,0.12652097484499764,-1.538800743256245,1.2942078181822039,A
1.9207997621325188,-0.39817313972410695,-2.2375065536138283,2.2234633117429583,B
1.0819334735512096,-0.5472435672698356,-1.6433908505262194,1.1184873369958641,B
-2.0142587671113863,0.41857602664702814,-1.1531013116714501,1.004860876003554,A
1.1193086046969758,-0.3764665724492461,-0.9930250211885732,0.7762994177418694,B
-1.1035040886641265,0.2885353919040723,-1.714505977113189,1.6738721915683532,A
1.3303079944636098,-0.40697801014858603,-1.415441309306007,1.209304466157466,B
1.8505713498538434,-0.006411081997844717,-0.6228186859450974,1.2641520636328496,B
1.309957075821939,-0.34478793117981393,-1.703053731305983,1.5719925402056654,B
-1.4971742913232993,0.036789277588366934,-1.1983597787761864,0.6482804695114381,A
1.0625573498636194,-0.2289953045012199,-0.629196450922364,0.6365534964837012,B
1.96258115504595,0.3367959164381122,0.6379245259440918,0.6341399397476779,B
1.9946328209797253,-0.4864658432595939,-1.2258053042417243,1.1500742471394658,B
0.27666275071010693,-0.4172904580260608,-1.2852634429316112,0.6818497385035096,A
0.1263068529593967,0.43217695563780734,-2.3096925519245306,2.915246299324859,A
1.4392012919553165,-0.42637032561527854,-2.884027323460704,2.6189156149724373,B
1.7621022463101024,-0.6042978247163108,-1.2566905158477946,0.9119458189684332,B
1.4985460744082968,-0.4468476622336673,-1.5238812499928513,1.3129139448591711,B
-2.5856485267311955,0.6326460080150803,-1.1989274588260899,1.1691494759718422,A
-2.406515069225729,0.6697483773466348,-1.343861063434546,1.4304653438436485,A
0.2590479363980074,-0.37262452511947536,-0.9836886436699025,0.4569874400075322,B
-0.9275452975671938,0.8454784448622049,-2.003509658521,2.8744723304232274,A
-2.4945569953001643,0.8512351316763548,-1.523708577860566,1.849877342058434,A
-0.2509863048925043,-0.5364508304760492,-1.4032520282229397,0.41615011524197687,A
1.9651895916862272,-0.45883515068162944,-1.756566021782023,1.6877389618299006,B
-0.8976782181310267,0.2462038161922044,-1.656926767622318,1.6292880780290129,A
0.8548704619477628,0.021847570908286172,-0.25408785144949575,0.5902628100500883,B
1.1362656650848535,-0.30533316396283317,-1.179329443474528,1.0699803861872765,B
-0.6447803755793406,0.8616048571145691,-2.224394937611538,3.2138696531268076,A
-1.9087404054724666,0.630509578821519,-1.547786850255247,1.747228426109268,A
-2.8323464464842054,0.6141723836565547,-1.1189507600333455,0.9736714941992191,A
1.9818455461911246,0.07455286148339348,-0.42372968896835084,1.2477890962985485,B
0.8629101008395047,-0.33756670608769684,-1.937408346104664,1.6420876409019298,A
2.5376782097418555,0.28598305198350377,-0.1101692060722812,1.4800347597201935,B
2.649954247959892,0.4075535407431132,-0.389614075156111,1.97545434188382,B
-1.7491025027254143,0.559407610013781,-1.384379824508313,1.540357409236744,A
-1.6611536335709445,0.9596984738391825,-1.8953261909328758,2.6780707720942174,A
-0.6367905930463836,0.4893192515837172,-1.977035342478596,2.4058968756561483,A
1.409254832492038,-0.7106613473437224,-2.3326545844886675,1.6432268600610396,B
-0.58263016740155,-0.07866867749190948,-1.4101777554038026,1.0080676715180337,A
-2.5067082061117856,0.47024331238433187,-1.200003801668318,0.9482916395263706,A
-1.1376797888759065,0.37023225990030617,-1.6431609401992209,1.7195363771460719,A
-2.9378547418143164,0.1546341213670797,-0.7106400977904921,-0.16422721975529053,A
-2.235381267025802,-0.5267946907125972,-0.4429113039451771,-1.2138509731840488,A
2.4940490281660717,0.03384443296332125,-1.2746414337543395,2.1841501190161,B
-0.24938566026441156,0.6198874385579572,-2.224511925505139,2.9859282866055548,A
-2.217042078969453,1.0139828380363116,-1.5161363631024343,2.196159973179251,A
0.42015535617261457,-0.8489361744391685,-3.0421882767936275,1.7420310855362078,B
-1.5230236311191239,-0.113997711742413,-1.0862853652169937,0.2990037781902928,A
0.270134674432321,0.15644852584110994,-2.220735202172128,2.4573612708151105,A
-0.009362872007220524,0.10681127707071014,-1.951989104859166,2.0217808451776285,A
-0.7755801176363909,0.7191788527721288,-2.112627709039648,2.839209203263046,A
1.4432487296500751,-0.16427725467017212,-0.9945913798512644,1.224750735100224,A
-0.45961047274089273,0.32376338947258904,-1.8866791040058946,2.1291607843391773,A
-1.4079856168988418,0.5026540093243551,-1.6011562166726654,1.7846973354394733,A
1.257512184359522,-0.8891454982397375,-2.3110806681175307,1.2911070190890375,B
1.46412309038591,-0.2985016968228933,-0.8692205985160103,0.9055742133176317,B
-1.5021329417625169,0.2817090339764673,-1.6779513294384145,1.481898701029691,A
2.216488837711666,0.09613354665252366,-0.11191158294334813,1.0702632618718482,B
0.8624940363103579,-0.6408007568531321,-1.4232434908021956,0.6834495116037178,B
2.0346495918684226,-0.35104614990322136,-2.23766723803243,2.338294779234542,A
-2.812391735963523,1.0837147151390163,-1.4874535333688093,2.0576292428556147,A
1.5197873841995702,-0.4544020646154793,-2.4231776665689897,2.1660620672492388,B
1.09338622538012,-1.0830780635088058,-3.3154635187705486,1.8882783156143592,B
1.0416569138357898,-0.2833387777637834,-0.871009986659603,0.7753493376056017,B
-1.163648658363934,0.23806369456714163,-1.4854510599082793,1.3554917493825793,A
-1.096283186542643,0.039140585116087034,-1.2746760334724594,0.8720637846195954,A
0.954268206711528,-0.5999798263208636,-2.049521915069515,1.377095602707928,B
-2.0341338740963435,-0.6310709558722969,-0.46015658597646847,-1.2845176117199144,A
1.7428301388322467,-0.36048669456665516,-1.669568117998097,1.6750107804601684,B
1.6524334262137095,-0.06501270782151254,0.27812004323527884,0.24217585940097086,B
-0.8635238774429631,0.516990954092137,-1.9182310442199235,2.309232200538659,A
-1.5377758474735193,0.8603471726435116,-1.695271974416788,2.3792962616175664,A
-0.1441001271236646,-0.18202308267714978,-1.587853070097248,1.1789692492558155,A
-1.5727197983976693,0.4915765654449416,-1.4206410160995684,1.534976832382185,A
1.621448288626504,0.3945399851460334,0.6543483773294945,0.5822557043187458,B
3.0840894933791807,0.5680580542072471,0.07786895052209619,1.9375822330438393,B
-0.97062247527325,0.03459497674342365,-1.4951356023828901,1.1213438450918938,A
-1.2178379171934972,0.09869326621448658,-1.5223462789695403,1.1553966098333095,A
-0.2940382290738168,-0.1532332560353568,-1.5343232284483108,1.117299028281573,A
1.9294570544107084,0.6255476602954344,0.6211019343139781,1.0841132849123127,B
0.6994601105124585,-0.33819817980649514,-1.0901681849717217,0.7736051488758449,B
-1.3298878137192485,0.2276954225274397,-1.5253086246358512,1.3163235798059465,A
2.202780276043411,0.31982592738796145,-0.47606732257524875,1.7578597921197647,B
-0.14234588910559087,-1.1144020558372711,-3.3433366303816276,1.412019264991181,B
-2.1478436454476006,0.36077494492346673,-1.1346527335166954,0.8488526220005644,A
-1.9875245046396968,0.7112841871148737,-1.489616833356492,1.7876189951911479,A
-2.72327373842229,0.03783751223938592,-0.6166126850296049,-0.35537485024128634,A
-0.9129615082012643,0.0741553473299705,-1.3772269163092035,1.091304714496687,A
2.24404612129618,0.37958428212450235,0.9495489217666444,0.5067827856390348,B
-0.4192386203401932,-0.02772483920884716,-1.7937936816295474,1.5124384491999554,A
-1.2904229346351763,-0.02209586226458781,-1.368652155926822,0.7956176554264576,A
0.8341288129148481,-0.58317501812959,-2.256718746595989,1.5563330188122504,B
0.8697876010171233,-0.4234330171559627,-1.360176492805273,0.9618644374157768,B
0.05497327881138969,-0.22954144652132158,-1.7305229189595026,1.3147210586472218,A
-1.2211765927418938,0.6212182917525574,-1.7797370302721556,2.206759844106694,A
-1.521022624373667,0.3699123310954454,-1.5672110841058653,1.505693887932935,A
2.0523235377788898,0.0049876571231660324,-0.8138459364827585,1.5379996380600423,B
2.3095810833258272,-0.10099939134527688,-1.0598377721860834,1.7032770179416403,B
1.727156350999832,-0.5281320884174462,-1.1059493352169134,0.8731184802985074,B
1.2514413896657068,-0.7765789712375797,-2.6376308735848673,1.7739850853652435,B
1.1023546667897262,-0.7808902817579223,-1.6926281195804112,0.8119336820471723,B
0.01592479241922895,-0.42692642223605626,-1.6773528685908332,0.9447309121250733,A
-1.2060296364257725,0.2675066656256455,-1.63911708353898,1.531836308229906,A
2.2137786265501656,-0.07058241973009909,-0.5618370515544979,1.240458120327661,B
-0.39538618316083296,-0.2247396233655432,-1.5589812756980295,0.9930503950544776,A
0.12580060704165663,-0.7761922232213807,-1.3662834645469855,0.1490772558753346,A
1.441576862762789,-0.06275762427798338,-1.3362289551958262,1.7065568584061566,B
0.9046307945007125,-0.23045335936476122,-1.5650675733565325,1.4680884971634502,B
-0.3099336497561229,0.6537553495028322,-2.265674666580245,3.0552156970183892,A
1.69515803766714,0.1732016255237524,0.5084084084963432,0.4064701601001903,B
-0.14419359397900156,0.5385462802406313,-2.3355771248614485,3.004781483159694,A
-0.544132548472574,-0.4203841268769892,-1.4519849303310195,0.5341139971630066,A
-1.798140160341676,-0.0071437611591465035,-1.047365208125667,0.3258328087742588,B
-2.1587946597241734,0.44498047530972956,-1.2015382621566861,1.0386638031791726,A
-1.4818453576991093,0.7185247017837805,-1.8490845639842117,2.327327452224785,A
-3.092230866225452,0.5322750444705907,-1.107656166457827,0.7408068379939227,A
-1.3277260336108663,0.2606801238855574,-1.3950942576015088,1.2439888182931589,A
1.4876172866943558,-0.581191268637401,-1.228226007845579,0.8195809727970252,B
-1.862538559877212,1.6090005520256696,-2.1916714499501064,3.8895987356398942,A
2.4202118842682077,0.35639993940659614,-0.29101721754519994,1.7179762694809382,B
1.3886425914614056,-0.3641114938405659,-0.5819124549228175,0.5026517672020027,B
-2.658977863607223,-0.06577826061068498,-0.6906610860757946,-0.42125126873569774,A
1.1572571603945132,-0.8457003378702949,-2.2398986291237324,1.2535275859030772,B
1.4402109787397546,-0.006761593772797956,-0.7854761182375143,1.2677141170914905,B
2.3188532883279107,-0.1666954920312384,-1.7336265728037317,2.2472909589205763,B
1.7253705555532017,-1.101970036716044,-4.097960658425997,2.8371963238484694,B
2.0338510249896724,-0.28950336096352997,-2.1637723975676364,2.3626649577591756,B
0.914151644941984,-1.478759492420728,-3.937861948419814,1.8041684265267497,B
-0.9087545426683211,0.6520908033302706,-2.0165800005477035,2.595053321844011,A
-2.83894777813106,1.2465990809649183,-1.5619853310059306,2.3705477473033216,A
-0.7176148332883048,0.35428517394847553,-1.6948988317765192,1.8986769377239359,A
1.6214846066002415,-0.25501684160408117,-1.58170404028112,1.7096064127377326,B
-2.339365699736312,0.25008419403952026,-1.130886515767215,0.6038158208486916,A
-0.13005869277334914,-1.3699208895793025,-3.385995038280053,1.062412401587301,B
1.0487807114099543,-0.39010639877345443,-1.530230997486337,1.2412347721090944,B
1.45593665807528,-0.07182295128583477,-0.410586324593162,0.8157157318001536,A
0.47336662065249624,-0.5908864742013442,-1.1600643602693033,0.3666667812943032,B
-2.419903944540371,0.817389592576403,-1.3685507023925063,1.6771767651078258,A
-0.0810115208327864,0.47760441333960574,-2.2615358631825666,2.863300874531902,A
1.9829768841152569,-0.13259310887119974,-1.9807474488672128,2.411965176493612,B
-1.393316268099752,0.28266814585711925,-1.4210195274941169,1.278546564901427,A
0.9765106125861815,-0.746731524894512,-2.5780978777133665,1.6622634593235395,B
1.5714530537943254,-0.6047436304801025,-1.8387903710578055,1.3958756383476707,B
-1.3228733345546022,0.8311538661534048,-1.7437742413060655,2.4594418310365187,A
-1.5545256751150196,0.6258217921778118,-1.59081190475826,1.911245891299696,A
-0.34387725589370466,-0.4172221483535332,-1.340156544495931,0.5060709277186771,A
1.3641687296332736,-0.7435389368497195,-2.0644124804098176,1.3202224955204243,A
-0.68092213938303,0.3336675462444265,-1.896405429757166,2.0723469861713237,A
-1.5079311005284644,0.5741930549412567,-1.5610023754372775,1.8202060642274587,A
-0.42542246824783847,0.42299260947385037,-1.9301728615447349,2.3364911615848674,A
1.7856193592852427,-0.11236522665892379,-0.7527849436465225,1.2004218981624664,B
-1.7463367933880218,0.42789991938031163,-1.260461649341083,1.2201033403014343,A
1.2710459786003991,-0.7935310714289854,-2.691081796707192,1.8059408455763906,B
-0.6447000286288384,0.19862913294612047,-1.6856129351995555,1.676151930675221,A
2.063964580000682,0.23954516975919207,-0.795524052827076,1.887212625325386,B
-0.8836691377158696,0.7588673392857694,-2.0515542691942033,2.8025780913730722,A
-2.6749537325516157,0.7983136180473226,-1.2521081121582167,1.4429457070234926,A
-1.5719463819702013,0.03828499117432547,-1.2190294183321289,0.6427924922404582,A
-0.34483514185819275,-0.338838906850644,-1.5996554945680723,0.8741175888578894,A
1.1238852968952697,0.04628392369196226,0.43646500151009615,0.06886335712269398,B
0.2986502264558244,0.10778010653620204,-0.22737041306901373,0.4930245238074664,B
-0.7932659409787377,0.3404602818919659,-1.8925573202157528,2.0378615419355954,A
-1.285195626430011,-0.04682969915728537,-1.2478932858264398,0.6442456600315251,A
-1.0290415350517872,0.35625648852093617,-1.6840182504831651,1.7768302298820622,A
2.673455370734733,0.6604703511157387,0.8798439771936786,1.1650904004290157,B
-2.4461249204348334,1.260253231625385,-1.7187359190959803,2.685479046675014,A
1.6191367521908775,-0.37240003875291905,-1.4052486323004696,1.3592275452783247,B
1.9105796370339763,0.018797258939895808,-0.4815128420620276,1.1905052340888729,B
-1.6869702551980894,0.25432108291008476,-1.347874176309881,1.0570566545299023,A
0.7418523905721359,-0.5644714306551871,-2.5155987937259248,1.7980032303357403,B
-1.4447456825303953,0.20892749825841436,-1.392553032262079,1.118576458633036,A
1.3375140613902001,-0.5075155571594304,-2.1708344473423105,1.776495437817014,B
1.583529550931831,-0.202319425736798,-1.6597833200897925,1.851474377736098,B
1.9886990809101663,-0.6889382261360074,-3.3167784908108593,2.8277199883385387,B
1.2735010277206036,-0.3210309459171541,-0.7660304663781251,0.702329640920926,B
-1.4309566224701853,0.4975897131515706,-1.619326642055821,1.785741651283823,B
1.1005359228471345,-0.29951622783812715,-0.7262041850341125,0.6340106098545313,B
0.8699701289196943,-0.8407750132576735,-2.4885107534198743,1.3924123983750933,B
1.5179322209827784,-0.17766338994753197,0.1453725026915269,0.14517411472838582,B
-1.3257354896559845,0.7481066271793168,-1.797454748826196,2.3812372022836423,A
-0.7776584707014103,0.1754291519847626,-1.6866095877089053,1.5923637549285625,A
-1.9373250583010517,0.09570251231990572,-0.8770735135156312,0.2712631914524306,A
1.4897539193403144,-0.3689615638065722,-0.8180471484590163,0.757371717372668,B
-1.0746363414440465,0.41863624073478556,-1.733213166126983,1.9033218986606517,B
2.45043925837756,-0.19441043633572688,-0.708308793961997,1.2757565275779528,B
-1.7742022514017448,0.016762955267101875,-0.9754757828917549,0.30306273639373615,A
1.2002821016088938,-0.822536076158477,-3.134796253340168,2.157954913265289,B
1.8178290893222442,0.035454011058190946,-0.5437729896051648,1.241464551543864,B
2.7151449690579623,0.4034294170093788,0.3702155785426262,1.2689557572054804,B
-1.4604314095852355,0.514918654142691,-1.5370651058119729,1.7232826230351392,A
1.3559914592447,-0.7494432160717404,-1.906804296104421,1.1578963458317637,B
-1.4725884015221002,0.38866682034290745,-1.5606988720409933,1.546274784339299,A
-0.6860909713094613,0.35768716104221165,-1.8657621025919098,2.0783542528650134,A
-2.257825007491456,0.3602449886837992,-1.3592129851840427,1.0215901743545415,A
-1.701919327956582,0.24185900604661534,-1.0906771364529835,0.7872025747957805,A
1.8449859148259988,-0.4687224122956565,-1.9421661918747353,1.8051322515771742,B
1.394230064402205,-0.06599419704759833,-1.0121893009942111,1.3753428987991478,A
-0.37350676009100625,0.1779923332440949,-1.8732388152011412,1.9227991502650217,A
1.0852827585137748,-0.3929944421666298,-1.5347464737215826,1.2544990676670953,B
-0.8022703091086293,0.3506299321078916,-1.650834923568278,1.8199066546003595,A
-0.9808243468999118,0.44161201743754586,-1.7068152591021881,1.9481612361919658,A
-0.06442777587962345,-0.06021491887808312,-1.8601659947246731,1.6559698467020052,A
-2.14583623724728,-0.18648579439162158,-0.6990009140726983,-0.411095596538668,A
1.9059505564207226,0.3477998290084362,0.07761834724789263,1.164274504162872,B
-0.6753862437297694,-0.19975398294336139,-1.3020099745791216,0.6837989960776912,A
1.2077217759773853,-0.32858785240898974,-1.7278532293079476,1.5830592669564805,B
0.2614114788507138,-0.5903575901435109,-2.458808759086798,1.5272129962190624,B
-1.9310355579874117,1.062286037293335,-1.89918222848972,2.7409978919886555,A
2.6105375442725878,0.49369132250138437,0.1006136846512613,1.6268669966917018,B
1.8012817900160139,0.18693523948877333,-0.7239676625521643,1.6411400021582645,B
-1.8509145466880748,0.6143907594644549,-1.5184124621275135,1.7155964394103902,A
-1.7516624030824586,0.507406195758547,-1.5341140806295346,1.6017668541228072,A
-0.46796294868828325,0.19059324001434444,-1.7848320192926652,1.8232828620225887,A
-1.0933816076768068,0.35239091603176237,-1.6560310098004314,1.7205264208368656,A
-2.89312765199673,1.0841923254485675,-1.4108514138046584,1.9556774520385076,A
1.6009742119232608,-0.6782065346568061,-1.9630955829961017,1.4116911224674118,B
-3.0179430944715917,0.5749704088594219,-1.0303919404898876,0.7604588175835602,A
-1.1366277266446134,-0.05957217765331734,-1.3171080521423295,0.7451526005098003,B
1.4988668841398793,-0.6749329913932199,-2.9545477127053057,2.3240307214247995,B
1.5009422202021308,-0.4511790641823174,-1.2282166079901762,1.0253415675487345,B
-1.9209914820500127,0.9870730757883729,-1.701997369553657,2.4405745391875144,A
2.1907958026536236,-0.2226868948382764,-1.9683268267467948,2.337356221765731,B
2.2130866836271235,-0.29495294618438744,-1.234977793204099,1.5350375458341947,B
-2.326703955257199,-0.0344541738165113,-0.968017664612476,0.01364870113346206,A
1.262355035469918,-0.6941125096918557,-2.4471146150416883,1.7238519767516078,A
1.3367252245896883,-1.1489506472366848,-3.9732943044644875,2.502887248403373,B
1.9400029197143374,-0.48618119960726097,-2.207564678763747,2.066018270772989,B
-1.8907163503518158,0.7373368268966178,-1.49592417283148,1.8694812383726949,A
1.6430687978781704,-0.44817019885662596,-2.648078965165049,2.435351282185237,B
-1.0922359961195296,0.3051340098760116,-1.5111149012705152,1.5098338985065662,A
1.0737529971195516,-0.9598277753321589,-2.933864469098475,1.707825727062997,B
2.071936476858494,0.7393764475750141,1.3824241155702137,0.5868521572699641,B
-1.488626495200021,0.18015769680954546,-1.3814484235480786,1.0474079015771853,A
2.0235929437962743,-0.026809131969377117,-1.0028897346971484,1.6584624381581634,B
0.9448905127457567,-0.8763573166865164,-2.637383464916951,1.5068608659811409,B
1.0202526385250565,-0.7459924710384812,-2.468142985791351,1.574706467111375,B
-1.3980443372844997,0.12185582411725784,-1.4772947105720806,1.0819810152004774,A
-1.8619812989855364,0.7359096578627224,-1.6627676976777157,2.0368412087460226,A
-0.9068533312165833,0.6812926980406282,-1.8016905709267805,2.436084929225548,B
-1.9706740151085773,0.6710763638039292,-1.4684930512687737,1.711563815149313,A
-1.780028635018241,0.6720281730908347,-1.6934238311086753,1.9974957088430736,A
1.7619111704451922,-0.633418769901774,-2.822069826119066,2.358653460173952,B
1.7047198660372969,-0.5485184778355091,-2.682818565911018,2.3360901927994386,B
-0.2472340407804936,0.4042488800106599,-2.0669556855597397,2.5034095172994584,A
-2.827373406523097,0.9862364651627777,-1.3003365667967894,1.723197460809666,A
-1.1454098979559886,0.4276136271202654,-1.7129865287689163,1.8718903580449604,A
-1.697327796539189,0.5963102819948157,-1.5027442593349525,1.7292102827027156,A
1.5019597931399082,-0.09279129849389747,-1.0381611505237125,1.3983081407645115,B
-0.8627258861691891,-0.05586016528559975,-1.498198506002356,1.0241867858679892,A
-1.3225622896995002,0.890158853490504,-1.8246437943809748,2.6277859912928485,A
1.3843490168802364,-1.0568456259897876,-3.598490202998776,2.305523470717094,A
-0.8167437752591042,0.4751048230323929,-1.8897457686263954,2.234574954232047,A
1.9302046905797627,-0.47825679969495155,-2.03269685039325,1.9080133696087849,B
-2.259388691334818,1.0165194805647073,-1.6945650500207203,2.354545005014155,A
2.630113809847195,-0.2688064101591316,-2.3385988522570527,2.7805159038342175,B
2.2329979460468534,-0.1218577869840111,-2.560886580807855,3.073352601941602,B
-1.219712403760965,0.9732267969946775,-1.8870679451427288,2.8534369314466446,A
1.7280150650124373,-0.5314686332910851,-1.8799611322769334,1.6058944408039943,B
-0.7459618987134238,0.4010928778222573,-1.8668657146002265,2.124451185711591,A
1.5716184976031313,0.5382975014467456,1.4095622507340129,0.06633625679641542,B
-1.6536602941165461,0.32944114031606175,-1.5012939650273216,1.3315723112836522,A
2.005932121157322,-0.3597168622191873,-1.916234459615926,2.008020053433161,B
-0.7311471054017115,-0.10403972566599286,-1.3094103470854732,0.8182249632133471,A
-1.177862205917187,0.39925452434210246,-1.6019227626767545,1.7103002875584248,A
-1.0181291443044587,-0.17847388392857605,-1.3809563850649706,0.6658713162125568,A
2.011255271177924,-0.04405776575708796,-0.8466820232143801,1.4784138868675278,B
1.089382267455226,0.21452889317501017,0.25254349733668424,0.49138744376106835,B
2.454493035740241,-0.17499037389808164,-1.7023090113394475,2.2545103239011213,B
-1.0476154902703372,0.6214223932461519,-1.8559757766996487,2.343553952900209,A
0.9480464319437449,-0.5098139726281593,-3.304610273335527,2.7101841646492737,B
-2.3489701254446813,0.33136564226972404,-1.0666777635321887,0.6646746868700409,A
1.0793728172051233,0.22942325135463604,-0.2553063498492789,0.9946874785012572,B
0.8587861642809478,-1.0284151417758738,-2.0400248939715686,0.670998203742317,B
1.9427645864138103,-0.08925047064526648,-1.7350886887979446,2.230035105019657,B
1.9274470563589048,-0.14319834596293118,-1.170576372686633,1.603085498665096,B
2.2273416846615994,-0.08979748498079308,-0.9115900942170441,1.5490648841146948,B
-1.3437605227304463,0.06310167877417763,-1.3345696246590075,0.8751541385525704,A
1.5377687765823538,-0.5438361607184441,-2.4551599484725495,2.0649767784204824,B
-1.6039623943425363,-0.07919196894290853,-1.1460385294916278,0.37995791808262336,A
-0.3258350942867887,-0.23471585146602839,-1.6469406974086291,1.0870369333869534,A
-1.746206649129249,0.26286122455709704,-1.1548476702859674,0.8645179857878899,A
-3.1936193467614125,0.7041298126843303,-1.026076530572849,0.8912953705737678,A
-0.19125381770910677,-0.07776346319979943,-1.6219350847516436,1.3551900072553853,A
0.5354677815220245,-0.31851300454444,-0.7412017428285294,0.41115574743357874,B
-1.6632827852556686,0.18720502149377655,-1.2924188400046424,0.9092251692486464,A
-1.0153698192575362,0.07716892631936792,-1.6487254021663127,1.317032985064885,B
1.5728258778140867,-0.10219908605191559,-0.9328142174385039,1.3094400573338993,B
1.6878064008441742,-0.1661178309031368,-1.1275177779184753,1.4385159566835324,B
-1.8125186713681793,0.8488959632895526,-1.835606938713977,2.394306631621232,A
-2.6448511244861708,0.5121928819617655,-0.848827427668112,0.627640631263622,A
1.8916519643913872,-0.2865426174285755,-2.560199665980364,2.692733233882008,B
-0.8270757023148981,0.2575252320293906,-1.65575951947373,1.671630592353682,A
2.0639563348825676,0.14127157163876355,-0.01680247634093912,0.9932729562748205,B
1.004732474323484,-0.2080966845815739,0.8864971644332016,-0.7968430444395609,B
-1.9760840636483685,0.4848957254530332,-1.2014768549395722,1.1674641770557428,A
-2.107309309105049,0.3061771909696405,-1.0587633109509094,0.7070840082380359,A
1.2291299108497928,-0.3846719418856546,-1.3479037098981421,1.1421986578688959,B
1.765782043387505,0.5154600426925683,0.520826894348374,0.949397633289954,B
1.5213950606446458,-0.3874899970893019,-2.07414474305624,1.9374125097779786,B
1.5008446520529795,-0.05839459598847474,-1.0584895826247156,1.4704136487678705,B
0.3064532306366974,-0.5905242823014353,-2.4762981072026338,1.5601859636010438,B
-0.5654382128022627,-0.5134610721943232,-1.2955257149071582,0.23337279861921734,A
-2.5632532767909884,0.7960830353837028,-1.2095369966525602,1.440006679515803,A
-1.442790531200974,0.05090663719362288,-1.247741101396553,0.7371500827378341,A
1.5762401489960363,-0.04967867592564409,-1.4658742769352737,1.8998336760487924,B
-0.5998150307835277,0.07009244991601737,-1.6247000286731024,1.4360194976438831,A
-0.9590493590966702,0.01643990931116288,-1.3792510086791,0.9871147462095642,A
-1.3880244059719795,0.5880259124389781,-1.555873688786461,1.8807846335882945,A
-2.0835785675322196,0.504134252959458,-1.444091942344436,1.3888644787530742,A
-1.2738705523951623,0.9844502256195327,-2.1711631775114264,3.121597285621645,B
-3.6975980744168497,0.6718957870551319,-0.6629980793908522,0.3101561982216767,A
0.44938249193218494,-0.33088897543727785,-1.191677152561157,0.7896705139926037,B
-1.523838691943063,0.7412580466467439,-1.6431696722445663,2.150775948472461,A
2.2482417727821513,0.5209504882189364,0.7346758377149722,0.9315061676070849,A
-2.7041923791070612,1.2339797339971401,-1.4495274205050679,2.2934357281757904,A
1.4607416425887791,0.06125568291378699,0.0032732366676440083,0.6286913318746481,B
1.685181256417534,0.4045168421765108,-0.24330738042575994,1.4765519962680975,B
2.034980089187481,0.11553442834258416,-1.3173919888660839,2.182284694247309,B
-2.1671357237328817,0.4466279312058108,-1.3406538289558734,1.1707156878223497,A
2.1338368538016157,0.013426544867219342,-1.0953234212227163,1.849254775535948,B
-0.007374672471285315,-0.8404087582775185,-1.8063986220195702,0.42030824614128526,B
2.129753478145303,-0.14471104195756415,-1.6007596822121668,2.0850987938666625,B
-3.9645448372573955,1.0505931546241087,-0.9864472292434672,1.105318402239387,A
-0.907671582025196,-0.3912532359686897,-1.2033660656499587,0.20850624462056944,A
-1.3196756682261253,0.29944246194982665,-1.4351619237882096,1.3450207883755074,A
-1.3270133682114362,0.6381584645161985,-1.6936505701753257,2.1119738928290164,A
1.9266566731352224,-0.32508721107201805,-2.1296180787259105,2.2357200287964885,B
-2.4736304604731725,0.6581824889848736,-1.2120721165566122,1.2623233197667818,A
-1.8462749832381498,0.13632780531641858,-1.1492390080230142,0.6268793967486328,A
-2.089858603263788,0.5784981022693528,-1.3937584744257292,1.45348094844844,A
-2.182539823000938,1.0905982270086123,-1.8528814989379843,2.648129148488297,A
1.1127302760563673,-0.7628827210330473,-2.33844442977077,1.4590188074352117,B
-1.1470240214384384,0.24280181408776072,-1.4934284688325037,1.3765279627309042,A
-2.1264062888613555,0.9067497457229357,-1.5990642252990777,2.142842888062062,A
-0.9839483617589032,0.9030916311358814,-2.1725022633792817,3.1037894229039606,A
1.6833976131213058,-0.07525928662447641,-1.019775099586564,1.4745953007691026,B
-0.8481282578790706,-0.061992960152711364,-1.403019248914441,0.9293760848754783,A
0.9483511085399784,0.0832463080347081,-0.7556243229795244,1.197453079265578,B
1.997323834079656,-0.05745744592416676,-1.126270758449297,1.7190297295363897,B
-0.4850901755667496,-0.40524158725154175,-1.1616529873031967,0.30254186363216173,A
1.4426791920753483,-0.5089971320428119,-1.7237110305368872,1.3867814530152938,B
-1.8263151992050943,0.0069947423273378,-1.0025623875972405,0.29461978728781757,A
-2.907374161936458,0.5242983542915098,-0.9805679826923097,0.6753495948462865,A
0.37259283049630953,-0.3798220118045391,-1.5567162850373053,1.0337040231889658,B
1.4835806301021224,-0.03980739089222501,-0.46695282998668897,0.9290616269229433,B
-1.2502091946684573,0.6519268344668516,-1.9198242911538386,2.3770281797638377,A
-1.0474624120310216,0.1891704899328476,-1.5072128108844904,1.3434160660746333,A
-0.8035492984602083,0.1899075973083053,-1.7075666992350524,1.6251836152201018,B
0.847227990604674,-1.1098440936547032,-2.968714206683824,1.4259589238730401,B
1.5552698239150533,0.3559882315437901,-1.193377435125365,2.259196245245566,B
0.9032898338260612,-1.3195595571494028,-4.205742347672634,2.3014225342334615,B
-1.1593181817658418,0.3725344544858231,-1.588850933217552,1.6633798498909098,A
-0.784233834991259,0.5091823922518606,-1.9251742486180896,2.3329426155722395,A
-2.0502842898522338,0.035525468499153216,-1.0116534208378827,0.26500147148080844,A
2.0896132714063387,0.24802304098564698,-0.13298765493395348,1.2783612712146881,B
-2.9666073353994387,0.6002066052924212,-0.913671501446577,0.7070951223691173,A
2.419706593382551,-0.493976169974082,-1.9805226283062412,2.0140145456557046,A
-1.9531438629145916,-0.14315697104588762,-1.0348683922495732,0.04678182207913251,A
-1.4882424397025105,0.15332823750501148,-1.2860103170359776,0.9151472072629258,A
-1.1125397331222744,0.29366162966374815,-1.5807902740293862,1.5510415619428939,A
-1.2292754035307736,0.2838218652078734,-1.6250435910074936,1.5350833049182098,A
1.0370475216743862,-0.34495469057479583,-0.9057267362142177,0.7115416647055024,B
1.6825222520593401,-0.009336409029027153,-0.9269540312577719,1.4876682438094009,B
0.9188353747204147,-0.8009822872710998,-2.025225655961872,1.0303620866846281,B
1.4442105527334332,-0.9120288016300289,-3.5114761038210744,2.468357108364841,B
2.065535430676783,-0.6961052654712754,-2.6555877797526897,2.2148032333452274,B
-0.24100480864542284,-0.9578933552572768,-0.9740312141609478,-0.6403473966466535,A
0.7733438833306555,-0.9689553689108319,-3.194262238727125,1.8314046700711348,B
0.38625277322864937,-0.9574805332299765,-2.535453934437851,1.0789562827079064,B
-2.424255832074205,1.0480111082083885,-1.4375273698219775,2.0976208884323313,A
1.845031219833364,-0.5657706234361901,-1.7571891659825174,1.4789301862106394,B
-0.5316029174526427,0.7481960548563784,-2.3546203241461794,3.2043739323914,A
2.000391217980117,-0.2577951267227151,-1.7976839220750938,2.0504761207147393,B
2.206180757145934,0.2510661613743362,-0.04964635600277223,1.2465068998680424,B
-1.8521772572407076,-0.03785495211187355,-1.027553969714341,0.23963272865940866,A
-1.9012427236229323,0.5269319351478629,-1.463661712919068,1.5097883727357313,A
2.3959022299341033,0.12705673674257573,-1.1263794288323565,2.1507810248566366,B
1.1015724590679052,-0.06275681183358855,-0.6833015409455135,0.9593009771532228,B
0.5239787435961134,-0.5368153355935199,-2.4180553392156114,1.6676549570380275,B
1.4181861137092588,-0.4276776637794902,-2.276699190630794,2.0303981709134242,B
-2.702923532586831,0.8840880505550085,-1.373287842635045,1.6806634993517553,A
1.6086701763689468,-0.3215961712804053,-2.691810073486205,2.659933791047785,B
-2.0917262033208437,0.6945725377656173,-1.4030558043498806,1.6409898474703697,A
-3.088236607468902,0.8902464306072887,-1.073257241818113,1.2625617821222723,A
-0.76494131620035,0.21705807535609659,-1.6702890022536487,1.6458040826873095,A
2.0756981476837018,0.24431405204753193,-0.29046560323836057,1.4175865498708773,B
-2.2066925454636475,0.4061675528618725,-1.2354616393940603,0.9934119646522939,A
1.8789281353526124,0.11679396658544423,-0.36709356027639206,1.2212322436398586,B
1.2824789236399121,-0.11690889943000168,-2.043324747007672,2.2382322793407905,B
-1.0649525969917737,0.8317738765865785,-1.947839047786683,2.749716019918755,A
0.4169568986992733,-0.9430762525862902,-1.8562214377938937,0.46520934267105885,B
1.8573137736600795,0.013169591276034778,-0.4707298539132332,1.1519466388502793,B
1.1070651695990676,-0.5153381640430862,-0.9107947363203895,0.47887623852668626,B
-0.8725736171041584,0.49506190281881096,-1.8870241937495145,2.2422843800285803,A
-1.2986336919896266,-0.005095107371218027,-1.5220270171360228,0.9650271522915705,A
-1.5796101492073058,0.8872920964214045,-1.7826369167525453,2.4887989781687043,A
2.4892223125999693,-1.0031242033912808,-4.285312184142088,3.4493526082354915,B
2.7670428068182327,0.6258305724239704,0.8088523047989407,1.2136408487936705,B
-2.5843262061129453,0.2988187479562765,-1.0907816986619276,0.5508106750872254,A
1.836430276031037,-0.46270969899603115,-2.8177387828869485,2.6456759073089398,B
2.0383674366903906,-0.26355896570280507,-1.1185752185113056,1.4083615385887789,B
-0.9854900686992475,0.5229122850226445,-1.8526240865404469,2.2110071736383934,A
1.8033387948487538,-0.8454941333953035,-2.9503438567874256,2.1684726956124134,B
0.044139158017391544,-1.5397781942011037,-4.785984494818177,2.1981984895607667,B
1.2891174273263013,-0.4028655923818874,-1.788836575164104,1.55634779392304,B
1.1457584108761467,-0.6120028066366341,-2.0101793887240476,1.3914457739653892,B
-2.048435489237365,0.8551843504307686,-1.5926737663260018,2.0857569842539885,A
1.6376964692360754,-0.27195674808414105,-1.928723441156668,2.0200972770743717,B
-1.3291118995507039,0.3889598767259415,-1.6138235520222182,1.6501159103157768,A
-1.0819821581326547,0.34771506040053496,-1.4249364078004136,1.4972664579391464,A
-1.8096302044503356,0.9707539092918998,-1.689966634684616,2.4448481238052726,A
1.4050511803440993,-0.48891438937472437,-2.5380572356255735,2.180025036464129,B
1.882233285981977,0.10433832424766638,-0.9394001887024506,1.7485984911653656,B
1.1093436355452655,-0.47527542945010776,-2.6535213860472364,2.2023890052083432,B
0.24713778713602497,-0.822543627625735,-2.4110449797047315,1.1177177310926782,B
-1.3303520826147985,0.6288886413219772,-1.8387515262159717,2.2347020204960195,A
-2.4688131319818285,0.5090489954521196,-1.2488168887125648,1.0686997955559077,A
0.8297940084941734,-1.0743582610958202,-4.258702651154008,2.7037024071057276,B
1.7276508630564014,-0.29065968504127027,-1.6698018276683948,1.7775345605166986,B
0.8442120502789635,-0.479565407450384,-1.6674986618216179,1.1586053723579326,B
-1.7132540752917662,0.18342366722558734,-1.2718740087153553,0.8654278685638993,A
1.6006259515461974,0.2110528513014755,0.5992145098586548,0.34365134098649697,B
1.442354145886847,-0.5575856548789857,-1.0295755324388849,0.6500975152071801,B
0.09828351574602245,0.14256794635211786,-1.8651373064012886,2.033843009167249,A
1.9544995948839212,0.3713155045433924,0.5348613835907079,0.7827177345813275,B
0.7447339305304966,-0.21347440586516225,-1.1899170774518741,1.078011237443845,B
-2.1612831325773914,0.44245832233849824,-1.1494712091585226,0.9842332738938204,A
1.328723702120921,0.18091726598186375,-0.07019329348909098,0.8350329024060339,B
-1.265532162750007,-0.35965317996049606,-0.9609264042756956,-0.10530981651438798,A
1.2842255709363573,-0.08416522467921381,-1.0513059153964646,1.344092953584152,B
-1.6148121563939466,0.6237228706846857,-1.715986262252065,2.00512165037836,A
1.298544351365735,-0.9261123963654437,-3.9185657256812774,2.780977775718391,B
-2.3785530724601407,0.8036312640391224,-1.4544553639002171,1.7529915083530532,A
-2.211382687043276,0.6294344462957997,-1.3816345005567057,1.475934941986768,A
-2.2958604317913034,0.8532926985362003,-1.603109636776538,2.0017919397286104,A
2.4707692326214366,-0.3145993130278075,-2.3051525723910746,2.61929506103976,B
1.458761314064519,-0.027292082278987665,-0.7701195685356683,1.2281816475627152,B
-1.627551039625242,-0.657617296610402,-0.5740369249779416,-1.067490538688034,A
-2.7422047914645917,0.6711682324632561,-1.2606806318423693,1.2299441240091582,A
1.347646661305727,-0.8171924577150903,-2.8708269675609106,1.9688458284654389,B
-0.4604084521835512,-0.04978587418696193,-1.6556647805540718,1.3315807163438158,A
-2.041557580075244,1.0238831713117518,-1.8774834760711219,2.6203437229265782,A
2.3892048810359534,0.002213094184663507,-1.3260037203558135,2.1456714251309705,B
1.521776576874707,-0.9052044435002908,-4.2720735111231285,3.232256310997194,B
0.9257060116872418,-0.6289740362075776,-1.2762404277906398,0.5848768172548673,B
1.5689580390337488,0.248071139269444,0.2591698147900261,0.7132539210114677,B
0.5419008506114908,-0.7021533302429109,-1.9597585489870895,0.9820514872999814,A
-1.0244979875244398,-0.05795977062699649,-1.4740897249925808,0.938478018309511,A
0.9727446434536906,-0.5082943686230207,-2.1895913934736897,1.6590274952088688,B
-1.9987001070032333,0.5772774740517294,-1.3882126395758374,1.4798324717846418,A
1.8719965717798082,-1.2337220335124968,-4.161853997644657,2.7484476988595983,B
-1.1641201639949599,0.5266223043427126,-1.734894115766931,2.038856170925695,A
1.4258985024340418,-0.5730878925423387,-2.876870766652587,2.380524310602192,B
-1.2571198877705918,0.555158553245767,-1.680905129735172,1.9972950273418908,A
-1.8834708603183734,0.14159189465640387,-1.0582800671383306,0.5346523537663106,A
-0.2179435369627476,0.32115880028301613,-1.9073688305369585,2.2337236434848293,A
-2.005485452719561,0.03002521341824726,-0.9782017489145474,0.24109912835139302,A
1.6531661354148093,-0.13467619079977816,-0.714631190191063,1.0808836235037371,B
2.0931637950796587,-0.43592777188138904,-1.5244365741296926,1.5489780186187443,B
1.427478089801034,0.14879345921281756,-0.39274668534406754,1.129103064469901,B
2.237483713920171,0.48381419898833417,0.5783975524617211,1.0191038322913575,B
-0.06299967567625786,0.2365240654307966,-1.9855800900678908,2.234474841592336,A
-1.6839381360430785,1.263323992398548,-2.0387859341791863,3.275508679452977,A
-1.7967644198573414,0.4103925412974984,-1.3637340243874256,1.2729263603971086,A
-1.9061667944082563,0.36492946570840773,-1.2294985062457253,1.0345309632651778,B
2.1434204058650383,-0.4406792800854999,-1.4969534593512779,1.5339274196472756,B
1.8091256876904565,0.8862443168983285,2.110392453307689,0.023381354591052617,B
0.1769377219092798,-1.1123973703315198,-3.608226389510276,1.7849630074098108,B
0.060692433413406466,-1.0654809398074128,-3.6915568938141488,1.8941133169517483,B
2.2305797917049928,-0.17532770349684884,-1.5044152122396766,1.983059554560373,B
0.8589272275300217,-0.9084300776067005,-2.026641418738951,0.8436734271130139,B
1.9646875900266156,-0.486562563465678,-3.0198080017535776,2.8485554621930373,B
-1.24131263142008,0.3412597273861556,-1.567376866353757,1.5644434838033874,B
-2.239825606804763,0.3751398919886591,-0.9734512291070031,0.6835999956903949,A
1.6770501425377706,-0.692864331728892,-2.1047957147838807,1.552057688463921,B
-1.4017246864180155,0.3036625220986402,-1.39275973723562,1.2809599594889869,A
-0.7323636937763097,0.700704935300395,-1.9756809087254916,2.696052138151309,A
-0.4217886632249359,0.9188967511550319,-2.4510792511840007,3.6004132975273047,A
0.47678433374453766,0.17120116432752605,-0.1937347616538776,0.6244630616014447,B
0.013377737185219507,-0.2732771064308596,-1.6518839139362038,1.1569118595079724,B
1.6492327567887317,-0.30503424721854455,-1.6278991875962867,1.6865562334354849,B
-1.0256277818094768,-0.03698782901828856,-1.49403515536276,0.9894718273772418,B
1.1436762427905556,-0.5112211118956733,-1.853016706250956,1.3966159096674944,B
1.2951921327709717,-0.27783623574920907,-2.097540088188729,2.045939872637245,B
-0.14831261415594654,0.40760561143031426,-2.1387283479773607,2.6133705291126423,A
1.7457597513723275,-0.9159415638150349,-4.092789179020516,3.1271807737823067,B
-1.6080539458652339,1.0073845659154552,-1.9782006701310115,2.8502502280497692,A
-0.2364067311898006,-0.12783453432644373,-1.581044115398407,1.2222573828256604,A
1.6098163313865101,0.10090875064034623,-1.209370432736036,1.900397029212682,B
-1.2489443485439249,0.4691502184966421,-1.699786519933601,1.8854117265999006,A
1.5936685003735231,0.06815011085865103,-0.48085986546213566,1.14959305689942,B
1.9097142550389152,-0.19957725320139136,-0.39545566132055887,0.770786869971407,B
-1.718709006512707,0.7156494568752618,-1.6234304267806297,2.020738281234192,A
-1.8308069575192696,0.7747768209102156,-1.4930355531053694,1.94660438332594,A
1.1689896945388467,-0.6807166865047224,-2.834052253718885,2.078957123072362,B
-1.4796337105738848,0.8572225649414806,-1.7782191298956973,2.4748965069476534,A
1.5095777881180086,-0.06298870575724355,-0.1496280836326609,0.6004034632271359,B
2.0262638299762754,0.039369875199308756,-0.8948921178386344,1.6587722966402492,B
0.9961458170842049,-0.39488616684406397,-1.5059168014023465,1.1913232920995938,B
1.5191183704426654,-0.6776840127942596,-3.15654550218719,2.5197267964552283,B
1.888999944272527,0.21704161702814836,-0.062175622542463005,1.0892394529496263,B
-4.164032528969813,0.8304945536302837,-0.5638683632007135,0.2891980227097253,B
-0.2555966819819284,0.8130299725575718,-2.479986211135612,3.525511404907888,A
-2.103332080323592,0.32824151416358555,-1.2131367677631681,0.8897503668684484,A
-2.7146433244100594,0.3732290558640457,-0.9736889923825119,0.5062657703453817,A
-2.6349289697303178,0.45415041060749495,-1.087523730480512,0.7690854932653028,A
-1.4977128334976535,0.6394137286914793,-1.6343352862977811,1.9946145081858453,B
1.3730960628844469,-0.4864797619531193,-2.5133754225632563,2.148514242523704,B
1.2924793154728478,-1.2026775186908465,-3.9558555133859077,2.38698931321361,B
1.2226700404930109,-0.9048357107231562,-3.1661058173636816,2.0688717715973515,B
-0.44677644177790876,0.5607161598138444,-2.149618939070782,2.750549009078408,A
-1.5457008569786699,0.41168568773611797,-1.4893311115580636,1.4869410003587562,A
0.10639789992486426,-0.29191516385129745,-1.771568994516763,1.2763801146272578,A
-2.5545268100754726,0.23619284237737748,-1.044871429628586,0.4212603157404984,A
-0.8127935006753519,-0.41135370914090136,-1.3435525407039626,0.3459356378317944,A
0.8154509082063165,-1.0963800398753534,-2.932415356387107,1.4004833507504302,B
1.2752896098456814,-0.38427782141668354,-1.1400485442596915,0.9617011392033917,B
1.71594371794863,0.09918806216353977,-0.35707171425432915,1.124544876197184,B
1.8990992182179052,-0.3122887033887384,-1.7818380971499381,1.9139336618550495,B
1.0779153004617328,0.0005025431697336603,-0.19167580267498718,0.5798294991638758,B
1.6566571165963873,-0.8338322776823281,-2.107334607632086,1.3291817625439963,B
-1.481344360533132,1.3383318282565744,-2.179294663113348,3.5997991205621114,A
1.8397845246152162,0.36352828439640444,-0.18501793111489118,1.414529508189691,B
-0.23303019672928427,-0.5106105688238002,-1.3354073672373723,0.39802220918726494,A
-0.8203446436904474,-0.006421786181672596,-1.5401988242899556,1.1561798327785882,A
1.0594683894786023,-0.43336637163052394,-2.2903294184509404,1.9026842107948732,B
-2.807601439455537,0.9123897535496479,-1.3622260347221455,1.6753540662325708,A
1.4552410087583172,-0.3465560990461323,-1.4434763726284183,1.3753159903282426,B
2.0166932072284025,-1.0748592321059869,-3.0324967850890667,1.9708509035013522,B
-0.9128094151887586,0.4209576888615535,-1.6419564793459778,1.8794529805226172,A
-1.2237020542798578,0.8636814322396176,-2.0347469522730472,2.82345632444234,A
-1.6615764169078322,0.854965968583925,-1.9079138781853247,2.5280988573946477,A
0.7985883471976506,-0.3685866201004518,-0.826516480596916,0.5118541800332916,B
-1.9142858879249087,0.37537957166292246,-1.223351549728601,1.0418328202798541,A
1.137233104649372,0.16263977279926947,-0.428635319941862,1.0779625796811485,B
1.0925610106301007,-0.2683983917415584,-1.1152593615311561,1.0499156260837648,B
-1.3622377385328976,-0.08126437770005378,-1.1069069701449092,0.4283559367613008,A
-0.7908221203963149,0.7256437742396268,-2.036993519255057,2.7715148569299908,A
1.4698676130855604,-0.3206486553121932,-1.9276925897926278,1.8821686123533408,B
0.5312722545668808,0.09781154161503222,-0.485633798968629,0.8092859947868903,B
-1.5351812542294563,0.3018568324910395,-1.4001198889824307,1.236107150733197,A
1.4261081425968507,0.02742135596560792,-0.8673943919597149,1.3934069858664941,B
2.292585034494547,-0.3754812393020987,-1.931985888058156,2.104087952896537,B
-1.4317973074287431,0.7156223119246218,-1.6951910622598199,2.194590909231659,A
1.489481643501527,0.12176698934997006,-0.8185211311973382,1.5159012072513658,B
-1.6542296199806268,0.5558558454999083,-1.456753264751761,1.6387284858179911,A
-1.7866625580377558,0.28117770657933705,-1.311721156106507,1.027436624525719,A
0.2421704488029337,-0.9432254899314685,-2.7360608096550623,1.2391694982732855,B
1.4284679728848222,-0.3438829130723847,-1.9229629937198376,1.8265401560092394,B
1.11678451926089,-0.4597262189016386,-2.009946958832273,1.6158375142618369,B
-1.5009650722096746,0.20744737461517887,-1.4870685725686439,1.1856867513969973,A
-1.0080205071143302,1.1219437160804409,-2.238864137323915,3.4963059935822907,A
-1.2273928930237705,0.37409164838926434,-1.626170911783818,1.676317125465641,A
-1.5551862816147417,0.3020604430249089,-1.5392961846155329,1.361696877127799,A
-1.558548273598618,0.7595286389166714,-1.6837984976170475,2.2049583855926547,A
1.4548397939576203,0.24900133500469449,-0.25439624744888234,1.1621419098365922,B
1.0608880170037134,-0.0907666417616395,-0.3613718016185783,0.5942729204821501,B
1.5839303958640223,0.0752228169714255,-0.1527466392688699,0.8442551117031182,B
1.6420410469038649,-0.052955924064606044,-0.12752966310217873,0.6435566646136144,B
-2.2731158157037434,0.5640881680831917,-1.23352854535618,1.2111314980399737,A
2.095790820660693,-0.41314275673625134,-1.7898864917578399,1.838114600185926,B
1.9332862777891215,0.4399714235885022,0.5500352951085148,0.8665301245905251,B
-1.677767669406176,0.4339480294388606,-1.4624108436763112,1.4471160402337497,A
0.34702484793169397,-1.1334652855937735,-3.392454991043044,1.6093353922223148,B
-1.566325329145061,0.42659797493644597,-1.5065080281417018,1.5187653504531047,A
-1.8237778678886252,0.25473867405019673,-1.2157207865229753,0.8814533731076172,A
2.495145363996819,-0.670566145519578,-3.2789659960137065,3.0063101007306514,B
-2.1057889063402397,0.19387337673858104,-1.0597255829417516,0.5350502200178946,A
1.2134104227847398,-0.9602997181964927,-2.383523269640681,1.2339916239561983,B
2.069314627431981,0.08398552787531462,-0.26623130615579704,1.1444360439652277,B
-0.7807740735638184,-0.1968109922157369,-1.5376564158926171,0.8741563642338508,A
1.0264821094597933,-1.0253427662946926,-3.5751135767456996,2.200316867853932,B
0.8901217633910155,-0.5124677102966311,-1.9042338288786602,1.3502569920756577,A
2.2693974188499166,-0.24930571013352992,-1.7670106319001864,2.1332852051715108,B
-0.861007445839303,0.38054528628290746,-1.7087117788831845,1.899681426055734,A
-0.8711491988119768,0.33239829698599727,-1.9129724842529336,2.0162202716817275,A
-2.337463763402638,0.6285102671154057,-1.176607438792899,1.2327562684759674,A
2.5612481118089665,0.3732417516768474,-0.5198686978653229,2.0139514537535876,B
-0.6622325570695556,-0.26367686256625406,-1.4383729571767687,0.7198256940783175,A
-2.097862029776989,1.0002962761823655,-1.7115746010874344,2.405089287603875,A
-2.45715599319408,0.3993890280699069,-1.1683464963487606,0.8268750007388372,A
2.3292173377279948,-0.049987936087488624,-1.5357672754303966,2.2428606501755652,B
-1.1436243867368592,0.359459722419031,-1.485276943964815,1.5502469419531621,A
1.8209167446035253,-0.8705820645674122,-3.196748970897822,2.3709941215321715,B
0.47581123066193953,-0.5003782607066922,-1.781536859275649,1.0996501423664538,A
-1.2866832210615249,1.1021699122309419,-2.191236674557558,3.317892622258192,A
-2.1683630138049774,0.30145512989716633,-1.1321082589645797,0.7472326509338016,A
-1.4984073360660615,0.017189561423952025,-1.1676354020678978,0.5882657653235334,A
-1.6216712584090311,0.7151185261713446,-1.663994885979744,2.094259448039689,A
-2.5710391924459746,0.6145033149172958,-1.0613913976302896,1.0154226859346847,A
-0.5105597748670201,-0.13005526178735874,-1.5630877878440748,1.100897873070699,A
0.8181748784879317,-0.6823629442790561,-2.116853287326782,1.2639318229184073,B
-2.7225832614043064,0.5195452722715459,-1.0994892738874729,0.8492899240175054,A
0.3728524453408304,-0.8501040312720531,-1.3303284827769466,0.09146927700128904,B
0.9402958908034809,-1.1612431053251349,-4.461984831120312,2.8038238321082414,B
3.0844217382236745,0.5952305006043196,0.659521108266472,1.4253850547528855,B
-1.6446519981771692,0.06445869169774252,-1.2174522215208436,0.6549913269381533,A
3.123892822330104,0.6954107743770742,0.5415010777880931,1.707149400764962,B
-2.4444650955787486,0.33926961059460764,-0.8864956906473089,0.47005991268225955,A
0.6608912113743998,-0.7338070438029656,-1.895991059558631,0.9161347108784299,B
1.3307959729906977,-0.552836345971096,-1.6336195124796575,1.1920508293320222,B
-0.9149381431109849,-0.19622804600038432,-1.3266836981540842,0.6246677109112512,A
1.0975424860599543,-0.5025792233728152,-2.753882658067842,2.2515067302290492,B
-2.3075383156794107,0.6141205161506879,-1.1940539160417027,1.2381548475198485,A
-0.8590564239871776,0.7064226818748371,-1.864900126565335,2.552724844939843,A
-1.2000518919117882,0.569517880156863,-1.6578919577038187,2.018535315145601,A
-0.5080987430809532,0.14888629333623718,-1.5816121097360651,1.550422148088957,A
0.8680060682352015,-0.6998191527224494,-1.254118622863281,0.4331207494027982,B
1.4511949357000753,0.1332229589299195,-1.2812915322638838,1.9605306321722973,B
-1.0447055450985339,0.06086261221807306,-1.531774190186735,1.169600017322981,A
1.9741827880165825,0.08066439692635866,-0.23319620684971198,1.072839603043681,A
1.594009201533483,-0.4777651193000768,-2.6628900648203904,2.3857005409218655,B
-0.8909235525952575,0.5273058717259163,-1.76107621725418,2.165328014907134,A
-2.018158472936099,0.027222742557599013,-1.0320568216136912,0.28343157137734565,A
-1.0320282981422428,0.2068490750358061,-1.5839373938042725,1.4495220093173242,A
-2.143161392983461,1.094139782269701,-1.654959759874856,2.4794670239272905,A
1.228296320517223,-0.013404396027519269,-0.8054953827570966,1.1985997574334124,B
1.7417139209029535,-0.4270106260793007,-2.172350804763629,2.0509606696011558,B
0.7396534968614932,-0.48790198491876846,-1.930002288246353,1.357434980980727,B
1.4448301862816995,-0.15472261771912837,-0.8796011627898657,1.1305112660677157,B
2.286300680149934,0.4176364338491273,-0.24737008407174188,1.7217479934454556,B
-1.4820865310827187,0.1262188998908677,-1.2672104130886643,0.8576110460794902,A
1.728884199669178,-0.4601614042978713,-1.2099613057498928,1.0778898800176564,B
1.1503433170047745,-0.9191563121590477,-2.7211709892720037,1.59613659006006,B
-1.4718470066008702,0.020504171005448817,-1.2170315550561763,0.6502274769112527,A
-1.4664308784769244,0.5828263195594225,-1.6908016551194116,1.9725013912652094,A
0.015017125843278079,-0.04572523426102289,-0.30646661897113225,0.2269321938202702,B
2.5233954952824305,0.5600519596702704,0.15180134246083288,1.6485684012305932,B
1.9521309975995822,-0.5308488377131864,-2.525945775495245,2.3048762615647416,B
1.564967586775386,-0.49503049059608545,-1.3788483756194676,1.124684027896675,B
1.7488400126135462,-0.1941975945429797,-1.4231395555930382,1.6992976195592426,B
1.2966306755319996,-0.5899830317663771,-2.648804037117022,2.089542274190106,B
-1.0838710338762807,0.5179172810375835,-1.8921714367050948,2.204799142030139,A
0.8830265157263373,-1.0566546714659855,-3.237136893209746,1.777101860213493,B
-0.3269819043495228,-0.16798557502962666,-1.5549189336812617,1.1020192079046558,A
-1.9030309348788124,0.4640903389699369,-1.3282392038068696,1.282985731084669,B
-1.4235961215966593,0.2308306570260381,-1.3160358288407166,1.087275334024754,A
-1.624097331649638,0.8060463360292061,-1.6942351845005814,2.262669480070816,A
0.4785136125050917,-0.9810552297660382,-2.0106464388805025,0.5763318099034775,B
0.4782592286974843,-0.948402948305354,-2.0973588851433784,0.7093211267174627,B
-0.4420253385566386,-0.057766724902516185,-1.732414500344743,1.3991511249808373,B
1.799712931595573,0.1240075252781987,-0.1569173976145979,1.0029538067269503,B
1.5666608137111828,-0.3031894668755221,-2.4674894727182073,2.4591515025738024,B
-1.6026960114378188,0.5963347455484356,-1.5275172634720102,1.7876558843506956,B
-3.2784699905129178,0.35088724311512837,-0.7523548982331499,0.05348080731833926,A
0.7407336411663877,-0.23513287558518492,-1.537148038104943,1.3739807328805678,B
0.5093649001765972,-0.9397513933714232,-2.5542105373653006,1.16949550903472,B
1.5813592950328725,-0.5483993300900688,-1.6000987493079735,1.2591032115043341,B
-2.6300108471770898,1.0617261141703596,-1.5595698047881605,2.1594502709766843,A
-0.3395655218955078,-0.2537544749609749,-1.3997461231556132,0.8170023164134291,A
0.8408204816133793,-0.5453456200125995,-2.4495483057014935,1.8010024621219256,B
-1.3422225898860858,0.13694602831090788,-1.1832966482142449,0.8456499504754362,A
2.0010291741666832,0.4064833159484104,0.2276314519475231,1.1469458126117689,B
-0.8173554082596618,0.9661477545834547,-2.493322388622044,3.5682080861936205,A
-2.2849258742965386,0.6609662820635309,-1.4845929418203296,1.5957241344440802,A
1.6035070579477564,-0.06663699263076805,-0.6265859208535469,1.0838378862536195,B
-1.102222237859947,-0.24053388820967037,-1.1663510990254888,0.3345502619136522,A
1.27396701071319,-0.3655219520115209,-1.6312877568359576,1.4583321662800348,B
2.1509736646632276,-0.2139476148456257,-1.1982895332507084,1.6023867865888637,B
2.221658239967172,-0.46692881940537834,-2.233139537257111,2.2237109188507667,B
-2.611200569331279,0.21657945555617963,-0.8148958154306066,0.15095505482995186,A
1.019073037546041,0.10519757249371799,-0.015558785489201421,0.5521098686392447,B
-1.8370588866572346,0.7685829411635364,-1.6774818407077563,2.110508739668446,A
2.020906829695246,0.08222705136115456,-0.5430042513238577,1.3876759480869076,B
1.2747342616671269,0.3245969402787516,-0.07251907912650202,1.0393811206637957,B
2.7049992984230062,0.4050448492220342,0.18047504471294418,1.44853895314599,B
-0.5745172293409503,-0.4577213496774752,-1.3165661181496628,0.33620324444305516,A
-1.5106957189382926,0.3567843395754336,-1.6111866801916142,1.5311163912165486,A
2.395145976545217,-0.16506499113637524,-1.1742114726992359,1.744756298921441,B
-3.1613479854445288,0.44776574109943035,-0.6924620688359389,0.18915229690603708,A
-0.5053326757017511,-0.037160249865996836,-1.7003763926806588,1.377176138998621,A
0.12477108717009844,0.02976071776903262,-1.9719915713653653,1.9711254170682548,A
1.6027645729611963,-0.8069248159397084,-2.741182128202004,1.9549774526455648,B
-2.3379962461644266,0.2977494967298291,-1.0374073913849458,0.5888791166182831,A
-2.027705797588717,1.0870831350119317,-1.8379821216371095,2.6854379241529873,A
-1.3908373663633542,0.19760459464125293,-1.4294152483590687,1.1560354907528967,A
-1.4176053469220986,-0.37048147099422235,-0.9597556424085392,-0.17907838703936552,A
0.4883055319038585,-0.6010207749931218,-1.5662295571084521,0.7435687871977232,B
-1.9893206281352036,0.316072715641779,-1.2874857507606685,0.9837287123241593,A
2.2808248394174977,0.05745089267856639,-0.7728576953439941,1.6640233782997662,A
0.9507353820552674,-0.28105275449259026,-1.050887853738066,0.9168653485766222,B
3.610196588315098,0.6720429025638814,0.3331782077403411,2.0484051710206552,B
-0.9235837175467072,0.31134001837639547,-1.7161419031561065,1.7768280183910155,A
1.160930980097805,-1.0995855958068064,-3.1637287735270627,1.7430132126339808,B
-2.0415666646863744,-0.11978384396653124,-0.7937056170493443,-0.17944550783568625,A
1.496932195322528,-0.28781288854122095,-1.5479195359074345,1.5809378578247753,B
2.417891520840967,0.3767237577195524,-0.603454163342744,2.046268486914868,B
-3.408959751055267,0.8405225542681665,-1.013371785116957,1.0107266044381424,A
1.0279943885686023,-0.4409276944626391,-1.7031368705122683,1.3198469655139062,B
-1.6034726418952565,0.6430376675796382,-1.611334935969176,1.9394028051616177,A
-0.8225254147766601,-0.07040763086697162,-1.4893262822727027,1.0080391055574864,A
0.8259924075742975,-0.786070785352837,-1.6708165589332258,0.6815149445114635,B
1.4377318867538063,-0.9687715076856419,-2.8727288961351514,1.7695957452996582,B
-2.1438364149600684,0.4799319220643325,-1.1440422105386832,1.0433722753100763,A
2.2185535922373907,0.7734259830975493,0.9555791044618309,1.1001488681633511,B
1.2128272148378973,-0.1166801995998084,-0.28907425595870406,0.5412123095623038,B
-2.1952065086299957,0.25690323828443984,-1.1498560312578778,0.6854416058933421,A
-2.1986323704565502,0.20104480176067868,-1.1262402311077633,0.5753749332952839,A
-1.7200311403178834,0.9094658919992433,-1.8136578835710133,2.5009817069577145,A
1.4626620618322284,-0.25807723414357686,-1.5757669510868269,1.6408150864075757,B
0.362851033724483,-0.6938835419497894,-2.2652436661053614,1.2201050909184636,B
0.882565711525427,-0.6147784871566505,-2.376271050756994,1.639248155123487,B
1.4038529437420304,-0.7052505902712932,-2.9782810714497012,2.264866980604948,B
-0.048212248929817125,0.443076519068325,-1.938925687909454,2.5145766983804574,A
-0.056559264780658314,-0.4156440331135619,-1.4250041693845241,0.6950246944111728,A
1.2288420396305253,-0.1645792118289768,-0.7698604077360811,0.9312753395217667,B
2.59556895752725,-0.30067969231750785,-2.3410927106364183,2.7209446640402595,A
2.252656938684842,-0.13811156264852228,-1.7283573659533662,2.262088914451019,B
1.5166339529990318,0.2561704700852236,0.09333309700349823,0.8645643830131868,B
-3.2825380969942017,0.34768782392146197,-0.7367072196459568,0.032129819890644784,A
2.0418400098165224,-0.004378497717435638,-1.5966737664728414,2.2656903218734117,B
0.8710205041564522,-0.6378647021921685,-1.9533361360360701,1.1962871409729572,B
1.3506161960041234,-0.3188520187281948,-0.6734232060872348,0.6458017227574578,B
1.389417217329785,0.3346696201724498,0.18627728052128778,0.8504898653363675,B
1.4706108243714349,-1.2755364489342051,-4.0544167618086355,2.433854229784014,B
1.5018525280729822,-0.11640814563092881,-1.2173559148421875,1.5325489785929594,B
0.24376408681528816,-1.1466496576851508,-3.828288761554961,1.966331960105562,B
-1.87559241815097,-0.09850826466629882,-1.0737939745915117,0.18137807338326994,A
2.0764617560775926,-0.05042267559809441,-1.3738606543691336,1.9949478958644087,B
-2.7868664252573696,0.9802843452420468,-1.3442067049322597,1.7707045837265112,A
2.0911003192076145,-0.15619084840990086,-1.959313152576001,2.394841279244756,B
-1.3896068492958629,0.17047022253895622,-1.4190956127553167,1.1047308946905763,A
1.9593106889275347,-0.12893086237395787,-0.9596520976536654,1.4358403936366992,B
-0.45042537041982755,0.5592595346479957,-2.1829262705190837,2.7786977748984727,A
0.5461822260945868,-0.759306952794469,-1.9648914395889228,0.9002148213886898,B
-0.5775457195305539,0.36398496846806305,-1.8820674298709543,2.1435392136750475,A
-1.2390161500136903,0.06852799073520484,-1.4217940024229752,1.0051791047297622,A
1.1640068592730555,-0.7412346404151189,-2.248472380208554,1.425580285345455,B
-0.048814742284846835,-0.4188159605191802,-0.17351194168114348,-0.49967084172203236,B
-2.469514310592852,0.9111587580155001,-1.4079160805520101,1.841321231137266,A
-1.796042614384402,0.20148413193137296,-1.239862700759863,0.8323808442828483,A
1.4259432716559843,-0.7769753764332981,-2.2793052860939618,1.4960677132482185,B
-1.721839840529362,0.3853739701223395,-1.2426320516673055,1.1464178213127494,A
-0.7128831187577206,0.22016658995844313,-1.741804677843671,1.737903301831988,A
1.070659055292354,-0.805603320789827,-3.7012179778193808,2.6762354370943244,B
-0.5274852152152864,0.7115850298658575,-2.1552814121980464,2.959358637485388,A
1.931955592557005,0.23072222504278864,-0.44745639349968624,1.4933360562362028,B
1.6577863375980428,-0.11666336258223252,-1.1449428139844104,1.5204894744095845,B
-0.7853664575860956,0.43278786602356817,-1.8618952105243491,2.1541927602929065,A
-1.5029808984142456,0.9099944980815434,-1.8826262438566146,2.6473412815407165,A
-1.7054052935611674,0.8650068196466787,-1.750566753022314,2.3775463388635742,A
-0.8759673951643699,0.629414545007743,-2.001908069226574,2.558093471204001,A
-2.412194267631385,0.7973450908996639,-1.4080062758420948,1.6866432971297058,A
-1.1960839329474644,0.07389851967435983,-1.3907752573301244,0.9997042691496439,A
1.380212458557422,-0.12010148953703062,-0.3836829296142201,0.6876401844876372,B
-1.8900713920606498,0.45282690394223324,-1.281855958356641,1.2261472393812451,A
1.1434610800752834,0.3303527764454114,1.079485281057265,-0.09783346982574548,B
0.008898326513855359,0.12242148618971692,-2.0164740587882206,2.114066684062131,A
-1.2242221084346567,-0.06629907894671243,-1.2193908222790846,0.6094254796291662,A
-1.6116795282921106,0.6525151606938812,-1.7628368768546863,2.0954054014050314,A
-1.5129474964024068,0.2508927497006351,-1.374375765862595,1.1410100549546855,A
-1.139677648014309,0.5559686291578025,-1.7102281758481856,2.0696787603329034,A
-1.701581211674217,0.7894210798904183,-1.7340452575013348,2.246427676974386,A
1.9116428275358757,-0.9551885874301627,-4.141294442782794,3.1737698452118375,B
1.1496100391114132,-1.0978270708607034,-3.5241975405874935,2.085085312696621,A
-2.6856490891967875,0.5716170974235145,-1.0802163616902445,0.9249566053978326,A
1.9249422290810583,-0.15913942137016113,-0.5278268353186563,0.9650100519284396,B
1.099435299336411,-0.6022147037436875,-2.187106507965212,1.5581410770598259,B
-0.5195215447225396,0.41454693166398277,-1.8282837467906106,2.1917407901341464,A
-1.516477324494372,0.4731181321286262,-1.5352688802807017,1.6363786417293238,A
1.8840691536134433,-0.7135739307771448,-2.715584572352701,2.1782575438080816,B
-0.42045331578732914,-0.30805039942609924,-1.6096492747839761,0.9034021342448529,A
0.046937096934825506,0.022021697790102622,-1.903825230749223,1.8655851426765793,A
2.000477641078595,-0.34286027841449024,-1.3717338325160207,1.5131613603890717,B
1.7560764067197803,-0.1354809623950762,-1.2083348159161926,1.587972292415291,B
1.2759920872799075,-0.9112268538095064,-2.78993738481735,1.7201262465214637,B
1.9814296605568344,-0.2502701816807223,-2.614302506104316,2.8333477379564167,B
-0.5117220109058502,0.22019550735140403,-1.7069009394127748,1.7786601324536067,A
1.8476610803211222,0.4461941852703751,-0.5242371415652491,1.8684132041454815,B
-0.9116111497424224,0.8827729393498057,-2.1007925126104134,3.030660379440287,A
2.102797213078051,-0.20369426779487057,-1.4931716469587875,1.881527703837312,B
0.6651687719872011,-0.6063881914788619,-1.7542339177164044,0.9794792149510299,B
-1.5787043881342622,0.34524846678399845,-1.4760011349754525,1.3594553701686583,A
0.7239767946845382,-0.3236436940951739,-1.5237086929392374,1.21826158967102,B
1.5655873690555508,-0.8208855814383167,-2.981609073606106,2.1488577914978775,B
1.3821692377630868,-0.946079402627054,-3.133933793033929,2.033144815389524,B
0.8998807879699442,-0.10736798079600447,-0.6784523203545507,0.8115856089232973,B
-2.069966506924917,0.397398714706806,-1.1445336367475303,0.9434911780334964,A
0.47484652006735373,-1.4141895520427377,-3.938743116201298,1.7432197956561768,B
1.079585333587381,-1.5089005386331156,-4.40284717451897,2.261556691119132,B
1.29350143929421,-1.1533676463760798,-3.784082285103917,2.2998532988984532,B
1.8002209926205892,-0.5379149828909083,-2.222767204053972,1.9491738458043286,B
0.05659105364426642,0.32025480618505126,-2.097600081146749,2.5145697291822313,A
-3.3167399234553248,0.8872665220255621,-1.0214424103148299,1.1245501142436227,A
1.2016212483820343,-0.6604089934451155,-2.9834989009184043,2.2647516320283057,B
-2.945511456254077,0.8673498071936862,-1.2247446994948716,1.4240358721979247,A
1.8950193793456274,-0.6137492671546971,-3.2456890139366017,2.8416910792329872,B
0.9825230664308013,-0.3079950250312686,-1.1512111406873062,0.982534704257636,B
-1.4080067945981154,0.5907068088459022,-1.639014449586767,1.9568095481298011,A
0.9565734453982888,-0.6329112578718381,-2.1820716697280025,1.453380929087567,B
1.7184530364855135,-0.35606682383881066,-1.7099364754941329,1.711345214020991,B
-1.7762064076491964,0.4513581059758478,-1.4095859274094646,1.3874741065685825,A
1.332633022741991,-0.7602657789658623,-3.3409476011493844,2.499290706530037,B
0.4753044322318849,0.21572322467642271,-0.30837663522407177,0.8019566646607708,B
0.9180571148799797,-1.0986709540750237,-2.7163930194838093,1.2288118480701666,B
2.7149412223694442,-0.36831194751505975,-1.6839095096509478,2.0340700056227785,B
-0.8221777537961156,0.24535860617435412,-1.6732178541427336,1.671271645400016,A
0.8251921625947826,-0.28867819992818383,-0.8983541573218744,0.7135559282209634,B
-2.05856867866263,0.7284673144756494,-1.5492761058802778,1.844895252007818,A
-1.5139963532106997,0.908855007963041,-1.854977768451978,2.6151816107215673,A
-1.1386335207588683,0.3686453696092181,-1.70121700344724,1.7720599723242116,A
-1.3543896632264352,0.5359275028465276,-1.7021977001244437,1.952104485312264,A
0.8778936740092991,-0.5829853313132163,-2.8555180593875003,2.143361844848609,B
-1.3728491098757536,1.2544856462132203,-2.2301135901561566,3.5585834606396993,A
1.4623080436941789,0.11590006220922046,-0.25581961020109945,0.9606026089295785,B
1.426307932559957,-1.0500507044284302,-3.8807769168910617,2.600464189816349,B
-1.359307037905047,0.2957504142660206,-1.5346629390524267,1.4195647359176338,A
-1.2349876641258,-0.1690096051670711,-1.2694794420598539,0.49451161317327474,B
-2.0197507418281364,0.4381668179686821,-1.249540537842485,1.1250134614727165,A
-1.464367611172621,-0.15029293575287422,-1.215217178242739,0.38736654386493075,A
0.8963082212318789,-0.15428285115868268,-1.1013975026037959,1.1408450204907283,B
0.5960393311796417,0.14696660990075705,-2.304777188285927,2.6426492688743473,A
-1.0927732867186455,0.7074377638472163,-1.9237011805167845,2.524382590625185,A
-2.0265723617342744,0.3786699900872178,-1.1196994641009175,0.9068465040004324,A
-2.6157742509649147,-0.35629546526210143,-0.4776931360674477,-1.0571675818839803,A
1.7156765736343293,-0.602601919010411,-2.8085688772144577,2.37639732883293,B
-0.6087943880778021,0.651000772103406,-2.164386643845055,2.844532268041039,A
2.0866930869093228,0.09716357106817848,0.12803437919364136,0.7954609187424042,B
1.386419933958434,-0.5542362718077657,-2.339945443864612,1.8834550939363934,B
1.8695673566673365,0.21276738420429506,0.7111623136272427,0.33851665813000165,B
-0.6354529484453844,-0.7303057306099784,-1.1726965969339425,-0.24445358200075606,A
0.9131987523237423,-0.9875286800817655,-2.9645457756279843,1.6352243569396903,B
-0.4385236417021754,-0.21539735612449012,-1.5230970869026534,0.9574241621259951,A
1.1148276606555843,-0.41024612996856663,-1.6014883768067987,1.30231338867067,A
1.2038742004858998,-0.28179894156774415,-0.47888946728793025,0.46370017360435867,B
0.15777064423762477,-0.6550812997383149,-1.5522204271026412,0.5251443827204996,B
-1.7880384421849216,0.7859531528631605,-1.5258128956197483,2.010835522093961,A
1.7131488241272863,-0.2712873194634246,-1.4981542411316782,1.6385558653457069,B
1.7418655767777353,-0.3925309364475852,-1.9969745617252541,1.937158260237209,B
2.8290814751300086,0.8459821591521145,0.7401421615271904,1.6420692272036979,B
0.9135379332017131,-0.2660293624962559,-0.8490294316352611,0.7340312818771272,B
-2.3527711112569127,0.39442367112866045,-1.2308053910770997,0.9171116645242309,A
1.1427885237595599,-0.06864857437555907,-0.16899069255558996,0.47522867240447875,B
1.085946471143116,-0.352741438691574,-1.6326649357718805,1.4102482259423523,B
-1.8796976890147699,0.6261715100245271,-1.4050897987477189,1.6152192466402095,A
-1.7438403399005866,1.6371309108114434,-2.2943452832634215,4.074555892071237,A
-1.5117276630191403,0.975040997577641,-1.8618643197128826,2.7248362820397647,A
1.4201519664755784,0.2742176448926113,0.05438141189313339,0.8940872978558326,B
1.340823593448189,0.06992847997469681,0.04074294071307638,0.5622846581636057,B
0.4762502414096541,-0.1376148708019073,-2.1188968848280894,1.9817789473548402,A
-1.6286498029647107,-0.49155039170877546,-0.9115383103692959,-0.4896895131950221,B
1.5635720071337693,-0.7660925766160966,-2.335703727450625,1.6172394142645334,B
1.2837366306627822,-0.16297979964672693,-1.9776957627695277,2.104972140272224,B
-1.7649417471225426,0.24843148048563649,-1.3625189226908976,1.033240205198712,A
1.0090403569374606,-0.4981708134396834,-2.1570425780365072,1.6569974911284207,A
-2.2947399700988336,0.5967307773771634,-1.368967188544783,1.3826823199138205,A
-0.7993589606757718,-0.5808119746950853,-1.0990806914929816,-0.14391374679940228,A
0.7656716596996881,-1.0594389752041338,-3.7609553533309006,2.2288310003953633,B
-2.051407398682145,0.5951357017022639,-1.4466886459710477,1.543767306718822,A
1.916592126641416,0.6017410934975492,0.4385497220656329,1.2165690959664222,B
1.2070609591855679,-0.24945356346247133,-1.2734715903530978,1.2720640235620229,B
1.4908230931895092,-0.29263264653435406,-1.093063653073834,1.1377777318872078,B
-2.097573559508911,0.15458738878553796,-1.1381988191280161,0.5521574402322615,A
-3.392195619381578,1.6758173568265542,-1.57084532980577,2.8386850724006027,A
-1.0476923178168525,0.6178309891122774,-1.92012908964272,2.399113572371972,A
-0.9194663877697457,-0.3179495228992459,-1.2877212531612625,0.39781194922564733,A
-0.9815402033416423,-0.13654411865845031,-1.1628880331889782,0.536294103982197,A
-2.1162100145717635,1.2000691717229526,-1.9381549121550794,2.922917839528302,A
0.6248183913882119,-0.05012066233480821,-2.1624866661660875,2.2131321205192522,A
-2.006132185405677,0.3343403897570744,-1.2586072288867345,0.9782495483245159,A
-2.24289146528087,0.8608031305337691,-1.5723792135836505,2.0035889234703963,A
-1.9719140238771187,1.201012488031883,-1.8106814145895724,2.8559591342159436,A
-0.6508666172893898,-0.049351442959733295,-1.5956788631973133,1.2050480165017294,A
1.3089920253180856,-0.0968176532701177,-1.0184419852142677,1.302333902867032,B
0.007256582317135107,-0.023282916414721765,-1.7840442812348842,1.6668488184054446,A
2.4258339152062907,-0.325394717783104,-1.8610711488656502,2.162892462724952,B
2.3056161858537854,-0.252636477571132,-1.9065063810790175,2.2743943631342742,B
-0.9450856307868515,0.2742326933367948,-1.7786832540107127,1.7711904003499346,A
2.429824291543846,-0.1367375925044772,-2.8123069813646313,3.36234154226052,B
1.5396702208644601,-0.4645707919812126,-1.626029439992613,1.3979993790376366,B
-2.50848444240115,0.48634945583474437,-1.186795400148431,0.9599352191393629,A
-0.18146929817894053,0.6102108105485622,-2.088980358724024,2.8667948674982426,A
2.907880789504703,-0.029586029003456648,-1.104540127090047,2.076228885337664,B
-2.1237436595696035,-0.05711903937523338,-0.8585900752144989,-0.05101432826943908,A
-1.9514779587544766,0.4452882405113288,-1.374689010298426,1.280386165061476,A
