[ {
  "fecha" : "2024-09-01",
  "indicativo" : "5103E",
  "nombre" : "CAMARATE 2, PARQUE NACIONAL SIERRA NEVADA",
  "provincia" : "GRANADA",
  "altitud" : "2152",
  "tmed" : "16,6",
  "tmin" : "10,6",
  "horatmin" : "05:40",
  "tmax" : "22,6",
  "horatmax" : "13:40",
  "dir" : "27",
  "velmedia" : "3,1",
  "racha" : "8,9",
  "horaracha" : "17:10",
  "presMax" : "791,0",
  "horaPresMax" : "10",
  "presMin" : "789,5",
  "horaPresMin" : "17",
  "hrMedia" : "52",
  "hrMax" : "95",
  "horaHrMax" : "03:50",
  "hrMin" : "43",
  "horaHrMin" : "07:00"
}, {
  "fecha" : "2024-09-02",
  "indicativo" : "5103E",
  "nombre" : "CAMARATE 2, PARQUE NACIONAL SIERRA NEVADA",
  "provincia" : "GRANADA",
  "altitud" : "2152",
  "tmed" : "16,0",
  "tmin" : "11,4",
  "horatmin" : "03:00",
  "tmax" : "20,6",
  "horatmax" : "13:50",
  "dir" : "27",
  "velmedia" : "3,6",
  "racha" : "9,7",
  "horaracha" : "16:00",
  "presMax" : "790,3",
  "horaPresMax" : "10",
  "presMin" : "788,8",
  "horaPresMin" : "Varias",
  "hrMedia" : "69",
  "hrMax" : "89",
  "horaHrMax" : "Varias",
  "hrMin" : "54",
  "horaHrMin" : "13:40"
}, {
  "fecha" : "2024-09-03",
  "indicativo" : "5103E",
  "nombre" : "CAMARATE 2, PARQUE NACIONAL SIERRA NEVADA",
  "provincia" : "GRANADA",
  "altitud" : "2152",
  "tmed" : "16,0",
  "tmin" : "10,7",
  "horatmin" : "23:50",
  "tmax" : "21,4",
  "horatmax" : "12:20",
  "dir" : "27",
  "velmedia" : "3,6",
  "racha" : "13,3",
  "horaracha" : "15:10",
  "presMax" : "790,1",
  "horaPresMax" : "Varias",
  "presMin" : "788,6",
  "horaPresMin" : "Varias",
  "hrMedia" : "38",
  "hrMax" : "76",
  "horaHrMax" : "00:40",
  "hrMin" : "24",
  "horaHrMin" : "20:50"
}, {
  "fecha" : "2024-09-04",
  "indicativo" : "5103E",
  "nombre" : "CAMARATE 2, PARQUE NACIONAL SIERRA NEVADA",
  "provincia" : "GRANADA",
  "altitud" : "2152",
  "tmed" : "15,0",
  "tmin" : "9,4",
  "horatmin" : "05:10",
  "tmax" : "20,7",
  "horatmax" : "14:40",
  "dir" : "26",
  "velmedia" : "3,6",
  "racha" : "13,3",
  "horaracha" : "06:10",
  "presMax" : "789,5",
  "horaPresMax" : "22",
  "presMin" : "787,8",
  "horaPresMin" : "05",
  "hrMedia" : "27",
  "hrMax" : "62",
  "horaHrMax" : "00:40",
  "hrMin" : "15",
  "horaHrMin" : "14:50"
}, {
  "fecha" : "2024-09-05",
  "indicativo" : "5103E",
  "nombre" : "CAMARATE 2, PARQUE NACIONAL SIERRA NEVADA",
  "provincia" : "GRANADA",
  "altitud" : "2152",
  "tmed" : "14,3",
  "tmin" : "8,3",
  "horatmin" : "05:50",
  "tmax" : "20,3",
  "horatmax" : "13:40",
  "dir" : "27",
  "velmedia" : "3,6",
  "racha" : "9,7",
  "horaracha" : "17:00",
  "presMax" : "788,9",
  "horaPresMax" : "00",
  "presMin" : "784,3",
  "horaPresMin" : "24",
  "hrMedia" : "47",
  "hrMax" : "76",
  "horaHrMax" : "23:50",
  "hrMin" : "33",
  "horaHrMin" : "13:40"
}, {
  "fecha" : "2024-09-06",
  "indicativo" : "5103E",
  "nombre" : "CAMARATE 2, PARQUE NACIONAL SIERRA NEVADA",
  "provincia" : "GRANADA",
  "altitud" : "2152",
  "tmed" : "15,2",
  "tmin" : "8,9",
  "horatmin" : "02:40",
  "tmax" : "21,5",
  "horatmax" : "15:00",
  "dir" : "24",
  "velmedia" : "5,8",
  "racha" : "23,1",
  "horaracha" : "22:10",
  "presMax" : "785,1",
  "horaPresMax" : "24",
  "presMin" : "782,6",
  "horaPresMin" : "05",
  "hrMedia" : "19",
  "hrMax" : "71",
  "horaHrMax" : "00:00",
  "hrMin" : "15",
  "horaHrMin" : "Varias"
}, {
  "fecha" : "2024-09-07",
  "indicativo" : "5103E",
  "nombre" : "CAMARATE 2, PARQUE NACIONAL SIERRA NEVADA",
  "provincia" : "GRANADA",
  "altitud" : "2152",
  "tmed" : "16,6",
  "tmin" : "9,9",
  "horatmin" : "17:20",
  "tmax" : "23,3",
  "horatmax" : "14:40",
  "dir" : "27",
  "velmedia" : "8,1",
  "racha" : "27,8",
  "horaracha" : "00:20",
  "presMax" : "790,5",
  "horaPresMax" : "21",
  "presMin" : "784,5",
  "horaPresMin" : "Varias",
  "hrMedia" : "47",
  "hrMax" : "93",
  "horaHrMax" : "17:20",
  "hrMin" : "22",
  "horaHrMin" : "00:10"
}, {
  "fecha" : "2024-09-08",
  "indicativo" : "5103E",
  "nombre" : "CAMARATE 2, PARQUE NACIONAL SIERRA NEVADA",
  "provincia" : "GRANADA",
  "altitud" : "2152",
  "tmed" : "11,6",
  "tmin" : "8,2",
  "horatmin" : "23:59",
  "tmax" : "14,9",
  "horatmax" : "14:00",
  "dir" : "24",
  "velmedia" : "6,9",
  "racha" : "16,4",
  "horaracha" : "00:40",
  "presMax" : "790,7",
  "horaPresMax" : "24",
  "presMin" : "786,7",
  "horaPresMin" : "Varias",
  "hrMedia" : "92",
  "hrMax" : "96",
  "horaHrMax" : "07:10",
  "hrMin" : "51",
  "horaHrMin" : "23:20"
}, {
  "fecha" : "2024-09-09",
  "indicativo" : "5103E",
  "nombre" : "CAMARATE 2, PARQUE NACIONAL SIERRA NEVADA",
  "provincia" : "GRANADA",
  "altitud" : "2152",
  "tmed" : "12,5",
  "tmin" : "7,2",
  "horatmin" : "02:00",
  "tmax" : "17,8",
  "horatmax" : "14:30",
  "dir" : "11",
  "velmedia" : "2,2",
  "racha" : "6,9",
  "horaracha" : "20:00",
  "presMax" : "793,0",
  "horaPresMax" : "21",
  "presMin" : "790,3",
  "horaPresMin" : "Varias",
  "hrMedia" : "52",
  "hrMax" : "75",
  "horaHrMax" : "23:00",
  "hrMin" : "36",
  "horaHrMin" : "04:10"
}, {
  "fecha" : "2024-09-10",
  "indicativo" : "5103E",
  "nombre" : "CAMARATE 2, PARQUE NACIONAL SIERRA NEVADA",
  "provincia" : "GRANADA",
  "altitud" : "2152",
  "tmed" : "12,7",
  "tmin" : "7,6",
  "horatmin" : "05:00",
  "tmax" : "17,8",
  "horatmax" : "13:30",
  "dir" : "26",
  "velmedia" : "2,5",
  "racha" : "8,6",
  "horaracha" : "18:30",
  "presMax" : "792,6",
  "horaPresMax" : "00",
  "presMin" : "790,4",
  "horaPresMin" : "24",
  "hrMedia" : "55",
  "hrMax" : "79",
  "horaHrMax" : "02:00",
  "hrMin" : "47",
  "horaHrMin" : "13:30"
}, {
  "fecha" : "2024-09-11",
  "indicativo" : "5103E",
  "nombre" : "CAMARATE 2, PARQUE NACIONAL SIERRA NEVADA",
  "provincia" : "GRANADA",
  "altitud" : "2152",
  "tmed" : "13,6",
  "tmin" : "8,8",
  "horatmin" : "03:10",
  "tmax" : "18,5",
  "horatmax" : "13:20",
  "dir" : "04",
  "velmedia" : "4,4",
  "racha" : "12,2",
  "horaracha" : "12:10",
  "presMax" : "791,0",
  "horaPresMax" : "Varias",
  "presMin" : "788,8",
  "horaPresMin" : "05",
  "hrMedia" : "51",
  "hrMax" : "78",
  "horaHrMax" : "22:50",
  "hrMin" : "33",
  "horaHrMin" : "12:30"
}, {
  "fecha" : "2024-09-12",
  "indicativo" : "5103E",
  "nombre" : "CAMARATE 2, PARQUE NACIONAL SIERRA NEVADA",
  "provincia" : "GRANADA",
  "altitud" : "2152",
  "tmed" : "14,0",
  "tmin" : "9,1",
  "horatmin" : "05:30",
  "tmax" : "18,8",
  "horatmax" : "13:00",
  "dir" : "26",
  "velmedia" : "4,4",
  "racha" : "9,4",
  "horaracha" : "13:30",
  "presMax" : "791,4",
  "horaPresMax" : "22",
  "presMin" : "789,8",
  "horaPresMin" : "04",
  "hrMedia" : "46",
  "hrMax" : "71",
  "horaHrMax" : "04:20",
  "hrMin" : "35",
  "horaHrMin" : "13:30"
}, {
  "fecha" : "2024-09-13",
  "indicativo" : "5103E",
  "nombre" : "CAMARATE 2, PARQUE NACIONAL SIERRA NEVADA",
  "provincia" : "GRANADA",
  "altitud" : "2152",
  "tmed" : "14,0",
  "tmin" : "8,9",
  "horatmin" : "04:00",
  "tmax" : "19,1",
  "horatmax" : "12:50",
  "dir" : "02",
  "velmedia" : "1,4",
  "racha" : "7,2",
  "horaracha" : "13:10",
  "presMax" : "792,9",
  "horaPresMax" : "24",
  "presMin" : "789,7",
  "horaPresMin" : "02",
  "hrMedia" : "60",
  "hrMax" : "89",
  "horaHrMax" : "23:50",
  "hrMin" : "45",
  "horaHrMin" : "07:30"
}, {
  "fecha" : "2024-09-14",
  "indicativo" : "5103E",
  "nombre" : "CAMARATE 2, PARQUE NACIONAL SIERRA NEVADA",
  "provincia" : "GRANADA",
  "altitud" : "2152",
  "tmed" : "12,5",
  "tmin" : "8,8",
  "horatmin" : "03:30",
  "tmax" : "16,2",
  "horatmax" : "09:50",
  "dir" : "21",
  "velmedia" : "1,4",
  "racha" : "5,3",
  "horaracha" : "04:40",
  "presMax" : "793,8",
  "horaPresMax" : "Varias",
  "presMin" : "792,0",
  "horaPresMin" : "03",
  "hrMedia" : "75",
  "hrMax" : "94",
  "horaHrMax" : "02:30",
  "hrMin" : "52",
  "horaHrMin" : "08:30"
}, {
  "fecha" : "2024-09-15",
  "indicativo" : "5103E",
  "nombre" : "CAMARATE 2, PARQUE NACIONAL SIERRA NEVADA",
  "provincia" : "GRANADA",
  "altitud" : "2152",
  "tmed" : "14,0",
  "tmin" : "8,7",
  "horatmin" : "06:00",
  "tmax" : "19,2",
  "horatmax" : "14:00",
  "dir" : "13",
  "velmedia" : "1,1",
  "racha" : "6,7",
  "horaracha" : "01:20",
  "presMax" : "793,3",
  "horaPresMax" : "00",
  "presMin" : "791,7",
  "horaPresMin" : "05",
  "hrMedia" : "56",
  "hrMax" : "75",
  "horaHrMax" : "05:50",
  "hrMin" : "49",
  "horaHrMin" : "Varias"
}, {
  "fecha" : "2024-09-16",
  "indicativo" : "5103E",
  "nombre" : "CAMARATE 2, PARQUE NACIONAL SIERRA NEVADA",
  "provincia" : "GRANADA",
  "altitud" : "2152",
  "tmed" : "15,6",
  "tmin" : "10,7",
  "horatmin" : "05:50",
  "tmax" : "20,5",
  "horatmax" : "13:10",
  "dir" : "28",
  "velmedia" : "4,2",
  "racha" : "9,7",
  "horaracha" : "14:50",
  "presMax" : "791,8",
  "horaPresMax" : "00",
  "presMin" : "788,3",
  "horaPresMin" : "24",
  "hrMedia" : "52",
  "hrMax" : "70",
  "horaHrMax" : "00:30",
  "hrMin" : "33",
  "horaHrMin" : "15:20"
}, {
  "fecha" : "2024-09-17",
  "indicativo" : "5103E",
  "nombre" : "CAMARATE 2, PARQUE NACIONAL SIERRA NEVADA",
  "provincia" : "GRANADA",
  "altitud" : "2152",
  "tmed" : "12,2",
  "tmin" : "8,4",
  "horatmin" : "23:59",
  "tmax" : "15,9",
  "horatmax" : "13:40",
  "dir" : "22",
  "velmedia" : "4,4",
  "racha" : "7,8",
  "horaracha" : "06:00",
  "presMax" : "788,3",
  "horaPresMax" : "00",
  "presMin" : "785,5",
  "horaPresMin" : "16",
  "hrMedia" : "61",
  "hrMax" : "83",
  "horaHrMax" : "18:40",
  "hrMin" : "31",
  "horaHrMin" : "03:00"
}, {
  "fecha" : "2024-09-18",
  "indicativo" : "5103E",
  "nombre" : "CAMARATE 2, PARQUE NACIONAL SIERRA NEVADA",
  "provincia" : "GRANADA",
  "altitud" : "2152",
  "tmed" : "11,8",
  "tmin" : "7,3",
  "horatmin" : "03:00",
  "tmax" : "16,2",
  "horatmax" : "15:00",
  "dir" : "33",
  "velmedia" : "1,4",
  "racha" : "7,8",
  "horaracha" : "14:50",
  "presMax" : "787,8",
  "horaPresMax" : "Varias",
  "presMin" : "785,2",
  "horaPresMin" : "05",
  "hrMedia" : "69",
  "hrMax" : "89",
  "horaHrMax" : "01:50",
  "hrMin" : "60",
  "horaHrMin" : "14:50"
}, {
  "fecha" : "2024-09-19",
  "indicativo" : "5103E",
  "nombre" : "CAMARATE 2, PARQUE NACIONAL SIERRA NEVADA",
  "provincia" : "GRANADA",
  "altitud" : "2152",
  "tmed" : "10,0",
  "tmin" : "7,5",
  "horatmin" : "23:50",
  "tmax" : "12,6",
  "horatmax" : "10:50",
  "dir" : "33",
  "velmedia" : "1,9",
  "racha" : "6,9",
  "horaracha" : "14:30",
  "presMax" : "788,0",
  "horaPresMax" : "21",
  "presMin" : "785,8",
  "horaPresMin" : "05",
  "hrMedia" : "84",
  "hrMax" : "93",
  "horaHrMax" : "20:00",
  "hrMin" : "64",
  "horaHrMin" : "04:00"
}, {
  "fecha" : "2024-09-20",
  "indicativo" : "5103E",
  "nombre" : "CAMARATE 2, PARQUE NACIONAL SIERRA NEVADA",
  "provincia" : "GRANADA",
  "altitud" : "2152",
  "tmed" : "11,2",
  "tmin" : "5,7",
  "horatmin" : "06:00",
  "tmax" : "16,7",
  "horatmax" : "13:20",
  "dir" : "24",
  "velmedia" : "3,9",
  "racha" : "16,7",
  "horaracha" : "23:10",
  "presMax" : "788,4",
  "horaPresMax" : "20",
  "presMin" : "786,1",
  "horaPresMin" : "Varias",
  "hrMedia" : "64",
  "hrMax" : "92",
  "horaHrMax" : "02:10",
  "hrMin" : "49",
  "horaHrMin" : "08:00"
}, {
  "fecha" : "2024-09-21",
  "indicativo" : "5103E",
  "nombre" : "CAMARATE 2, PARQUE NACIONAL SIERRA NEVADA",
  "provincia" : "GRANADA",
  "altitud" : "2152",
  "tmed" : "10,4",
  "tmin" : "6,0",
  "horatmin" : "22:50",
  "tmax" : "14,9",
  "horatmax" : "14:30",
  "dir" : "19",
  "velmedia" : "5,3",
  "racha" : "16,4",
  "horaracha" : "02:40",
  "presMax" : "788,5",
  "horaPresMax" : "22",
  "presMin" : "786,5",
  "horaPresMin" : "05",
  "hrMedia" : "77",
  "hrMax" : "94",
  "horaHrMax" : "03:50",
  "hrMin" : "60",
  "horaHrMin" : "14:40"
}, {
  "fecha" : "2024-09-22",
  "indicativo" : "5103E",
  "nombre" : "CAMARATE 2, PARQUE NACIONAL SIERRA NEVADA",
  "provincia" : "GRANADA",
  "altitud" : "2152",
  "tmed" : "9,6",
  "tmin" : "4,5",
  "horatmin" : "05:00",
  "tmax" : "14,6",
  "horatmax" : "12:00",
  "dir" : "26",
  "velmedia" : "3,6",
  "racha" : "10,6",
  "horaracha" : "18:00",
  "presMax" : "789,2",
  "horaPresMax" : "Varias",
  "presMin" : "787,2",
  "horaPresMin" : "05",
  "hrMedia" : "68",
  "hrMax" : "91",
  "horaHrMax" : "Varias",
  "hrMin" : "53",
  "horaHrMin" : "12:00"
}, {
  "fecha" : "2024-09-23",
  "indicativo" : "5103E",
  "nombre" : "CAMARATE 2, PARQUE NACIONAL SIERRA NEVADA",
  "provincia" : "GRANADA",
  "altitud" : "2152",
  "tmed" : "9,6",
  "tmin" : "3,9",
  "horatmin" : "02:30",
  "tmax" : "15,3",
  "horatmax" : "14:10",
  "dir" : "25",
  "velmedia" : "3,1",
  "racha" : "8,9",
  "horaracha" : "17:10",
  "presMax" : "789,1",
  "horaPresMax" : "10",
  "presMin" : "787,6",
  "horaPresMin" : "03",
  "hrMedia" : "75",
  "hrMax" : "95",
  "horaHrMax" : "03:10",
  "hrMin" : "43",
  "horaHrMin" : "23:10"
}, {
  "fecha" : "2024-09-24",
  "indicativo" : "5103E",
  "nombre" : "CAMARATE 2, PARQUE NACIONAL SIERRA NEVADA",
  "provincia" : "GRANADA",
  "altitud" : "2152",
  "tmed" : "9,7",
  "tmin" : "5,1",
  "horatmin" : "00:30",
  "tmax" : "14,3",
  "horatmax" : "14:00",
  "dir" : "23",
  "velmedia" : "4,4",
  "racha" : "10,0",
  "horaracha" : "21:20",
  "presMax" : "789,9",
  "horaPresMax" : "23",
  "presMin" : "786,9",
  "horaPresMin" : "Varias",
  "hrMedia" : "57",
  "hrMax" : "79",
  "horaHrMax" : "00:20",
  "hrMin" : "12",
  "horaHrMin" : "05:00"
}, {
  "fecha" : "2024-09-25",
  "indicativo" : "5103E",
  "nombre" : "CAMARATE 2, PARQUE NACIONAL SIERRA NEVADA",
  "provincia" : "GRANADA",
  "altitud" : "2152",
  "tmed" : "13,0",
  "tmin" : "8,1",
  "horatmin" : "01:00",
  "tmax" : "17,8",
  "horatmax" : "14:20",
  "dir" : "21",
  "velmedia" : "6,1",
  "racha" : "11,1",
  "horaracha" : "05:40",
  "presMax" : "791,8",
  "horaPresMax" : "21",
  "presMin" : "788,6",
  "horaPresMin" : "05",
  "hrMedia" : "71",
  "hrMax" : "94",
  "horaHrMax" : "18:40",
  "hrMin" : "39",
  "horaHrMin" : "20:10"
}, {
  "fecha" : "2024-09-26",
  "indicativo" : "5103E",
  "nombre" : "CAMARATE 2, PARQUE NACIONAL SIERRA NEVADA",
  "provincia" : "GRANADA",
  "altitud" : "2152",
  "tmed" : "13,6",
  "tmin" : "10,1",
  "horatmin" : "19:50",
  "tmax" : "17,2",
  "horatmax" : "12:50",
  "dir" : "27",
  "velmedia" : "8,3",
  "racha" : "18,1",
  "horaracha" : "13:40",
  "presMax" : "791,3",
  "horaPresMax" : "11",
  "presMin" : "789,5",
  "horaPresMin" : "04",
  "hrMedia" : "49",
  "hrMax" : "92",
  "horaHrMax" : "23:59",
  "hrMin" : "19",
  "horaHrMin" : "19:00"
}, {
  "fecha" : "2024-09-27",
  "indicativo" : "5103E",
  "nombre" : "CAMARATE 2, PARQUE NACIONAL SIERRA NEVADA",
  "provincia" : "GRANADA",
  "altitud" : "2152",
  "tmed" : "9,9",
  "tmin" : "3,8",
  "horatmin" : "22:40",
  "tmax" : "16,0",
  "horatmax" : "13:00",
  "dir" : "24",
  "velmedia" : "5,6",
  "racha" : "16,9",
  "horaracha" : "08:10",
  "presMax" : "790,7",
  "horaPresMax" : "22",
  "presMin" : "788,9",
  "horaPresMin" : "04",
  "hrMedia" : "60",
  "hrMax" : "97",
  "horaHrMax" : "05:00",
  "hrMin" : "22",
  "horaHrMin" : "23:10"
}, {
  "fecha" : "2024-09-28",
  "indicativo" : "5103E",
  "nombre" : "CAMARATE 2, PARQUE NACIONAL SIERRA NEVADA",
  "provincia" : "GRANADA",
  "altitud" : "2152",
  "tmed" : "9,4",
  "tmin" : "4,3",
  "horatmin" : "00:20",
  "tmax" : "14,6",
  "horatmax" : "15:20",
  "dir" : "21",
  "velmedia" : "2,8",
  "racha" : "8,6",
  "horaracha" : "01:30",
  "presMax" : "793,4",
  "horaPresMax" : "23",
  "presMin" : "789,2",
  "horaPresMin" : "02",
  "hrMedia" : "48",
  "hrMax" : "82",
  "horaHrMax" : "22:30",
  "hrMin" : "13",
  "horaHrMin" : "Varias"
}, {
  "fecha" : "2024-09-29",
  "indicativo" : "5103E",
  "nombre" : "CAMARATE 2, PARQUE NACIONAL SIERRA NEVADA",
  "provincia" : "GRANADA",
  "altitud" : "2152",
  "tmed" : "11,1",
  "tmin" : "5,6",
  "horatmin" : "00:30",
  "tmax" : "16,6",
  "horatmax" : "16:00",
  "dir" : "22",
  "velmedia" : "1,7",
  "racha" : "5,6",
  "horaracha" : "18:20",
  "presMax" : "794,8",
  "horaPresMax" : "22",
  "presMin" : "792,4",
  "horaPresMin" : "03",
  "hrMedia" : "49",
  "hrMax" : "76",
  "horaHrMax" : "19:50",
  "hrMin" : "18",
  "horaHrMin" : "02:50"
}, {
  "fecha" : "2024-09-30",
  "indicativo" : "5103E",
  "nombre" : "CAMARATE 2, PARQUE NACIONAL SIERRA NEVADA",
  "provincia" : "GRANADA",
  "altitud" : "2152",
  "tmed" : "17,1",
  "tmin" : "13,0",
  "horatmin" : "20:50",
  "tmax" : "21,2",
  "horatmax" : "14:40",
  "dir" : "24",
  "velmedia" : "3,9",
  "racha" : "11,4",
  "horaracha" : "01:50",
  "presMax" : "794,9",
  "horaPresMax" : "11",
  "presMin" : "792,8",
  "horaPresMin" : "24",
  "hrMedia" : "43",
  "hrMax" : "56",
  "horaHrMax" : "18:10",
  "hrMin" : "17",
  "horaHrMin" : "23:20"
}, {
  "fecha" : "2024-10-01",
  "indicativo" : "5103E",
  "nombre" : "CAMARATE 2, PARQUE NACIONAL SIERRA NEVADA",
  "provincia" : "GRANADA",
  "altitud" : "2152",
  "tmed" : "15,6",
  "tmin" : "10,2",
  "horatmin" : "23:40",
  "tmax" : "20,9",
  "horatmax" : "13:10",
  "dir" : "27",
  "velmedia" : "6,7",
  "racha" : "15,8",
  "horaracha" : "04:40",
  "presMax" : "792,8",
  "horaPresMax" : "00",
  "presMin" : "790,9",
  "horaPresMin" : "16",
  "hrMedia" : "36",
  "hrMax" : "56",
  "horaHrMax" : "Varias",
  "hrMin" : "18",
  "horaHrMin" : "13:10"
}, {
  "fecha" : "2024-10-02",
  "indicativo" : "5103E",
  "nombre" : "CAMARATE 2, PARQUE NACIONAL SIERRA NEVADA",
  "provincia" : "GRANADA",
  "altitud" : "2152",
  "tmed" : "14,1",
  "tmin" : "10,1",
  "horatmin" : "23:59",
  "tmax" : "18,1",
  "horatmax" : "14:00",
  "dir" : "25",
  "velmedia" : "9,2",
  "racha" : "20,0",
  "horaracha" : "20:00",
  "presMax" : "791,2",
  "horaPresMax" : "00",
  "presMin" : "786,9",
  "horaPresMin" : "24",
  "hrMedia" : "57",
  "hrMax" : "92",
  "horaHrMax" : "23:20",
  "hrMin" : "18",
  "horaHrMin" : "02:30"
}, {
  "fecha" : "2024-10-03",
  "indicativo" : "5103E",
  "nombre" : "CAMARATE 2, PARQUE NACIONAL SIERRA NEVADA",
  "provincia" : "GRANADA",
  "altitud" : "2152",
  "tmed" : "12,2",
  "tmin" : "8,0",
  "horatmin" : "23:59",
  "tmax" : "16,4",
  "horatmax" : "13:50",
  "dir" : "24",
  "velmedia" : "6,9",
  "racha" : "15,3",
  "horaracha" : "01:50",
  "presMax" : "788,7",
  "horaPresMax" : "21",
  "presMin" : "785,5",
  "horaPresMin" : "03",
  "hrMedia" : "77",
  "hrMax" : "96",
  "horaHrMax" : "Varias",
  "hrMin" : "39",
  "horaHrMin" : "11:40"
}, {
  "fecha" : "2024-10-04",
  "indicativo" : "5103E",
  "nombre" : "CAMARATE 2, PARQUE NACIONAL SIERRA NEVADA",
  "provincia" : "GRANADA",
  "altitud" : "2152",
  "tmed" : "11,3",
  "tmin" : "6,2",
  "horatmin" : "05:30",
  "tmax" : "16,4",
  "horatmax" : "15:00",
  "dir" : "99",
  "velmedia" : "4,4",
  "racha" : "7,8",
  "horaracha" : "Varias",
  "presMax" : "789,0",
  "horaPresMax" : "10",
  "presMin" : "787,0",
  "horaPresMin" : "04",
  "hrMedia" : "65",
  "hrMax" : "87",
  "horaHrMax" : "20:10",
  "hrMin" : "50",
  "horaHrMin" : "04:40"
}, {
  "fecha" : "2024-10-05",
  "indicativo" : "5103E",
  "nombre" : "CAMARATE 2, PARQUE NACIONAL SIERRA NEVADA",
  "provincia" : "GRANADA",
  "altitud" : "2152",
  "tmed" : "11,4",
  "tmin" : "6,2",
  "horatmin" : "02:20",
  "tmax" : "16,6",
  "horatmax" : "14:50",
  "dir" : "23",
  "velmedia" : "5,6",
  "racha" : "10,8",
  "horaracha" : "06:10",
  "presMax" : "790,5",
  "horaPresMax" : "20",
  "presMin" : "787,7",
  "horaPresMin" : "06",
  "hrMedia" : "65",
  "hrMax" : "88",
  "horaHrMax" : "19:40",
  "hrMin" : "46",
  "horaHrMin" : "04:00"
}, {
  "fecha" : "2024-10-06",
  "indicativo" : "5103E",
  "nombre" : "CAMARATE 2, PARQUE NACIONAL SIERRA NEVADA",
  "provincia" : "GRANADA",
  "altitud" : "2152",
  "tmed" : "14,6",
  "tmin" : "10,3",
  "horatmin" : "00:10",
  "tmax" : "19,0",
  "horatmax" : "14:00",
  "dir" : "21",
  "velmedia" : "4,7",
  "racha" : "10,0",
  "horaracha" : "05:20",
  "presMax" : "790,6",
  "horaPresMax" : "11",
  "presMin" : "788,0",
  "horaPresMin" : "24",
  "hrMedia" : "43",
  "hrMax" : "68",
  "horaHrMax" : "00:10",
  "hrMin" : "26",
  "horaHrMin" : "14:00"
}, {
  "fecha" : "2024-10-07",
  "indicativo" : "5103E",
  "nombre" : "CAMARATE 2, PARQUE NACIONAL SIERRA NEVADA",
  "provincia" : "GRANADA",
  "altitud" : "2152",
  "tmed" : "11,2",
  "tmin" : "4,6",
  "horatmin" : "23:50",
  "tmax" : "17,9",
  "horatmax" : "12:20",
  "dir" : "28",
  "velmedia" : "5,3",
  "racha" : "21,9",
  "horaracha" : "20:40",
  "presMax" : "788,0",
  "horaPresMax" : "00",
  "presMin" : "782,9",
  "horaPresMin" : "20",
  "hrMedia" : "60",
  "hrMax" : "97",
  "horaHrMax" : "21:30",
  "hrMin" : "35",
  "horaHrMin" : "05:10"
}, {
  "fecha" : "2024-10-08",
  "indicativo" : "5103E",
  "nombre" : "CAMARATE 2, PARQUE NACIONAL SIERRA NEVADA",
  "provincia" : "GRANADA",
  "altitud" : "2152",
  "tmed" : "8,6",
  "tmin" : "4,9",
  "horatmin" : "08:00",
  "tmax" : "12,4",
  "horatmax" : "14:10",
  "dir" : "24",
  "velmedia" : "9,2",
  "racha" : "17,5",
  "horaracha" : "06:10",
  "presMax" : "788,2",
  "horaPresMax" : "Varias",
  "presMin" : "783,5",
  "horaPresMin" : "01",
  "hrMedia" : "56",
  "hrMax" : "94",
  "horaHrMax" : "08:30",
  "hrMin" : "14",
  "horaHrMin" : "19:00"
}, {
  "fecha" : "2024-10-09",
  "indicativo" : "5103E",
  "nombre" : "CAMARATE 2, PARQUE NACIONAL SIERRA NEVADA",
  "provincia" : "GRANADA",
  "altitud" : "2152",
  "tmed" : "11,2",
  "tmin" : "7,4",
  "horatmin" : "23:59",
  "tmax" : "15,1",
  "horatmax" : "13:00",
  "dir" : "25",
  "velmedia" : "11,9",
  "racha" : "29,2",
  "horaracha" : "20:20",
  "presMax" : "787,4",
  "horaPresMax" : "00",
  "presMin" : "782,4",
  "horaPresMin" : "17",
  "hrMedia" : "53",
  "hrMax" : "97",
  "horaHrMax" : "Varias",
  "hrMin" : "8",
  "horaHrMin" : "04:20"
}, {
  "fecha" : "2024-10-10",
  "indicativo" : "5103E",
  "nombre" : "CAMARATE 2, PARQUE NACIONAL SIERRA NEVADA",
  "provincia" : "GRANADA",
  "altitud" : "2152",
  "tmed" : "8,0",
  "tmin" : "3,6",
  "horatmin" : "05:10",
  "tmax" : "12,4",
  "horatmax" : "12:00",
  "dir" : "24",
  "velmedia" : "5,0",
  "racha" : "19,7",
  "horaracha" : "00:50",
  "presMax" : "786,8",
  "horaPresMax" : "21",
  "presMin" : "783,4",
  "horaPresMin" : "04",
  "hrMedia" : "68",
  "hrMax" : "97",
  "horaHrMax" : "04:40",
  "hrMin" : "14",
  "horaHrMin" : "22:30"
}, {
  "fecha" : "2024-10-11",
  "indicativo" : "5103E",
  "nombre" : "CAMARATE 2, PARQUE NACIONAL SIERRA NEVADA",
  "provincia" : "GRANADA",
  "altitud" : "2152",
  "tmed" : "10,6",
  "tmin" : "7,7",
  "horatmin" : "06:00",
  "tmax" : "13,4",
  "horatmax" : "11:20",
  "dir" : "25",
  "velmedia" : "4,2",
  "racha" : "15,0",
  "horaracha" : "15:30",
  "presMax" : "788,6",
  "horaPresMax" : "20",
  "presMin" : "785,8",
  "horaPresMin" : "Varias",
  "hrMedia" : "73",
  "hrMax" : "96",
  "horaHrMax" : "14:00",
  "hrMin" : "22",
  "horaHrMin" : "00:10"
}, {
  "fecha" : "2024-10-12",
  "indicativo" : "5103E",
  "nombre" : "CAMARATE 2, PARQUE NACIONAL SIERRA NEVADA",
  "provincia" : "GRANADA",
  "altitud" : "2152",
  "tmed" : "12,0",
  "tmin" : "8,8",
  "horatmin" : "19:00",
  "tmax" : "15,1",
  "horatmax" : "11:00",
  "dir" : "25",
  "velmedia" : "3,9",
  "racha" : "14,7",
  "horaracha" : "04:50",
  "presMax" : "789,3",
  "horaPresMax" : "Varias",
  "presMin" : "786,3",
  "horaPresMin" : "04",
  "hrMedia" : "75",
  "hrMax" : "96",
  "horaHrMax" : "18:50",
  "hrMin" : "46",
  "horaHrMin" : "10:50"
}, {
  "fecha" : "2024-10-13",
  "indicativo" : "5103E",
  "nombre" : "CAMARATE 2, PARQUE NACIONAL SIERRA NEVADA",
  "provincia" : "GRANADA",
  "altitud" : "2152",
  "tmed" : "11,9",
  "tmin" : "8,0",
  "horatmin" : "01:40",
  "tmax" : "15,8",
  "horatmax" : "15:50",
  "dir" : "16",
  "velmedia" : "4,2",
  "racha" : "24,7",
  "horaracha" : "21:10",
  "presMax" : "790,9",
  "horaPresMax" : "22",
  "presMin" : "788,0",
  "horaPresMin" : "Varias",
  "hrMedia" : "71",
  "hrMax" : "94",
  "horaHrMax" : "07:40",
  "hrMin" : "38",
  "horaHrMin" : "18:20"
}, {
  "fecha" : "2024-10-14",
  "indicativo" : "5103E",
  "nombre" : "CAMARATE 2, PARQUE NACIONAL SIERRA NEVADA",
  "provincia" : "GRANADA",
  "altitud" : "2152",
  "tmed" : "11,6",
  "tmin" : "7,9",
  "horatmin" : "23:59",
  "tmax" : "15,3",
  "horatmax" : "13:30",
  "dir" : "26",
  "velmedia" : "4,2",
  "racha" : "23,1",
  "horaracha" : "06:20",
  "presMax" : "790,4",
  "horaPresMax" : "00",
  "presMin" : "784,0",
  "horaPresMin" : "24",
  "hrMedia" : "71",
  "hrMax" : "95",
  "horaHrMax" : "18:40",
  "hrMin" : "59",
  "horaHrMin" : "00:30"
}, {
  "fecha" : "2024-10-15",
  "indicativo" : "5103E",
  "nombre" : "CAMARATE 2, PARQUE NACIONAL SIERRA NEVADA",
  "provincia" : "GRANADA",
  "altitud" : "2152",
  "tmed" : "8,2",
  "tmin" : "6,0",
  "horatmin" : "04:50",
  "tmax" : "10,5",
  "horatmax" : "23:50",
  "dir" : "23",
  "velmedia" : "2,5",
  "racha" : "12,8",
  "horaracha" : "22:40",
  "presMax" : "784,6",
  "horaPresMax" : "10",
  "presMin" : "783,2",
  "horaPresMin" : "Varias",
  "hrMedia" : "85",
  "hrMax" : "96",
  "horaHrMax" : "Varias",
  "hrMin" : "67",
  "horaHrMin" : "22:40"
}, {
  "fecha" : "2024-10-16",
  "indicativo" : "5103E",
  "nombre" : "CAMARATE 2, PARQUE NACIONAL SIERRA NEVADA",
  "provincia" : "GRANADA",
  "altitud" : "2152",
  "tmed" : "9,7",
  "tmin" : "6,3",
  "horatmin" : "23:20",
  "tmax" : "13,1",
  "horatmax" : "13:50",
  "dir" : "23",
  "velmedia" : "10,3",
  "racha" : "18,6",
  "horaracha" : "06:10",
  "presMax" : "787,3",
  "horaPresMax" : "21",
  "presMin" : "783,3",
  "horaPresMin" : "03",
  "hrMedia" : "67",
  "hrMax" : "96",
  "horaHrMax" : "09:30",
  "hrMin" : "43",
  "horaHrMin" : "19:30"
}, {
  "fecha" : "2024-10-17",
  "indicativo" : "5103E",
  "nombre" : "CAMARATE 2, PARQUE NACIONAL SIERRA NEVADA",
  "provincia" : "GRANADA",
  "altitud" : "2152",
  "tmed" : "5,0",
  "tmin" : "0,8",
  "horatmin" : "22:40",
  "tmax" : "9,3",
  "horatmax" : "02:10",
  "dir" : "23",
  "velmedia" : "10,8",
  "racha" : "24,7",
  "horaracha" : "02:10",
  "presMax" : "792,0",
  "horaPresMax" : "22",
  "presMin" : "784,2",
  "horaPresMin" : "02",
  "hrMedia" : "92",
  "hrMax" : "97",
  "horaHrMax" : "07:40",
  "hrMin" : "35",
  "horaHrMin" : "01:00"
}, {
  "fecha" : "2024-10-18",
  "indicativo" : "5103E",
  "nombre" : "CAMARATE 2, PARQUE NACIONAL SIERRA NEVADA",
  "provincia" : "GRANADA",
  "altitud" : "2152",
  "tmed" : "5,7",
  "tmin" : "0,7",
  "horatmin" : "00:40",
  "tmax" : "10,7",
  "horatmax" : "14:40",
  "dir" : "24",
  "velmedia" : "6,9",
  "racha" : "18,9",
  "horaracha" : "05:20",
  "presMax" : "791,7",
  "horaPresMax" : "22",
  "presMin" : "789,5",
  "horaPresMin" : "05",
  "hrMedia" : "56",
  "hrMax" : "93",
  "horaHrMax" : "00:30",
  "hrMin" : "28",
  "horaHrMin" : "08:10"
}, {
  "fecha" : "2024-10-19",
  "indicativo" : "5103E",
  "nombre" : "CAMARATE 2, PARQUE NACIONAL SIERRA NEVADA",
  "provincia" : "GRANADA",
  "altitud" : "2152",
  "tmed" : "9,4",
  "tmin" : "5,8",
  "horatmin" : "01:00",
  "tmax" : "13,0",
  "horatmax" : "11:20",
  "dir" : "26",
  "velmedia" : "1,7",
  "racha" : "7,8",
  "horaracha" : "07:50",
  "presMax" : "794,3",
  "horaPresMax" : "21",
  "presMin" : "790,5",
  "horaPresMin" : "05",
  "hrMedia" : "73",
  "hrMax" : "87",
  "horaHrMax" : "17:40",
  "hrMin" : "41",
  "horaHrMin" : "09:30"
}, {
  "fecha" : "2024-10-20",
  "indicativo" : "5103E",
  "nombre" : "CAMARATE 2, PARQUE NACIONAL SIERRA NEVADA",
  "provincia" : "GRANADA",
  "altitud" : "2152",
  "tmed" : "10,5",
  "tmin" : "6,0",
  "horatmin" : "00:40",
  "tmax" : "15,0",
  "horatmax" : "13:00",
  "dir" : "12",
  "velmedia" : "0,8",
  "racha" : "6,7",
  "horaracha" : "23:50",
  "presMax" : "795,5",
  "horaPresMax" : "11",
  "presMin" : "793,1",
  "horaPresMin" : "03",
  "hrMedia" : "55",
  "hrMax" : "65",
  "horaHrMax" : "05:10",
  "hrMin" : "38",
  "horaHrMin" : "14:20"
}, {
  "fecha" : "2024-10-21",
  "indicativo" : "5103E",
  "nombre" : "CAMARATE 2, PARQUE NACIONAL SIERRA NEVADA",
  "provincia" : "GRANADA",
  "altitud" : "2152",
  "tmed" : "10,8",
  "tmin" : "7,0",
  "horatmin" : "22:50",
  "tmax" : "14,7",
  "horatmax" : "12:50",
  "dir" : "06",
  "velmedia" : "0,8",
  "racha" : "5,3",
  "horaracha" : "01:00",
  "presMax" : "795,3",
  "horaPresMax" : "Varias",
  "presMin" : "794,0",
  "horaPresMin" : "04",
  "hrMedia" : "62",
  "hrMax" : "84",
  "horaHrMax" : "22:40",
  "hrMin" : "52",
  "horaHrMin" : "07:50"
}, {
  "fecha" : "2024-10-22",
  "indicativo" : "5103E",
  "nombre" : "CAMARATE 2, PARQUE NACIONAL SIERRA NEVADA",
  "provincia" : "GRANADA",
  "altitud" : "2152",
  "tmed" : "9,8",
  "tmin" : "6,1",
  "horatmin" : "22:30",
  "tmax" : "13,5",
  "horatmax" : "12:40",
  "dir" : "10",
  "velmedia" : "3,3",
  "racha" : "7,8",
  "horaracha" : "23:50",
  "presMax" : "794,9",
  "horaPresMax" : "11",
  "presMin" : "793,6",
  "horaPresMin" : "Varias",
  "hrMedia" : "75",
  "hrMax" : "94",
  "horaHrMax" : "22:10",
  "hrMin" : "62",
  "horaHrMin" : "12:30"
}, {
  "fecha" : "2024-10-23",
  "indicativo" : "5103E",
  "nombre" : "CAMARATE 2, PARQUE NACIONAL SIERRA NEVADA",
  "provincia" : "GRANADA",
  "altitud" : "2152",
  "tmed" : "8,0",
  "tmin" : "4,1",
  "horatmin" : "06:30",
  "tmax" : "11,9",
  "horatmax" : "13:30",
  "dir" : "13",
  "velmedia" : "1,4",
  "racha" : "6,1",
  "horaracha" : "01:30",
  "presMax" : "794,5",
  "horaPresMax" : "00",
  "presMin" : "793,1",
  "horaPresMin" : "17",
  "hrMedia" : "84",
  "hrMax" : "94",
  "horaHrMax" : "05:20",
  "hrMin" : "68",
  "horaHrMin" : "02:00"
}, {
  "fecha" : "2024-10-24",
  "indicativo" : "5103E",
  "nombre" : "CAMARATE 2, PARQUE NACIONAL SIERRA NEVADA",
  "provincia" : "GRANADA",
  "altitud" : "2152",
  "tmed" : "9,3",
  "tmin" : "5,3",
  "horatmin" : "06:10",
  "tmax" : "13,3",
  "horatmax" : "14:20",
  "dir" : "24",
  "velmedia" : "2,2",
  "racha" : "7,5",
  "horaracha" : "19:50",
  "presMax" : "793,8",
  "horaPresMax" : "Varias",
  "presMin" : "792,2",
  "horaPresMin" : "04",
  "hrMedia" : "75",
  "hrMax" : "87",
  "horaHrMax" : "17:40",
  "hrMin" : "38",
  "horaHrMin" : "19:10"
}, {
  "fecha" : "2024-10-25",
  "indicativo" : "5103E",
  "nombre" : "CAMARATE 2, PARQUE NACIONAL SIERRA NEVADA",
  "provincia" : "GRANADA",
  "altitud" : "2152",
  "tmed" : "8,0",
  "tmin" : "2,8",
  "horatmin" : "23:50",
  "tmax" : "13,2",
  "horatmax" : "13:40",
  "dir" : "23",
  "velmedia" : "5,0",
  "racha" : "15,0",
  "horaracha" : "06:50",
  "presMax" : "792,3",
  "horaPresMax" : "00",
  "presMin" : "785,7",
  "horaPresMin" : "24",
  "hrMedia" : "67",
  "hrMax" : "97",
  "horaHrMax" : "Varias",
  "hrMin" : "44",
  "horaHrMin" : "13:30"
}, {
  "fecha" : "2024-10-26",
  "indicativo" : "5103E",
  "nombre" : "CAMARATE 2, PARQUE NACIONAL SIERRA NEVADA",
  "provincia" : "GRANADA",
  "altitud" : "2152",
  "tmed" : "1,6",
  "tmin" : "-1,7",
  "horatmin" : "07:50",
  "tmax" : "4,8",
  "horatmax" : "13:30",
  "dir" : "24",
  "velmedia" : "8,3",
  "racha" : "16,9",
  "horaracha" : "16:20",
  "presMax" : "785,7",
  "horaPresMax" : "00",
  "presMin" : "782,2",
  "horaPresMin" : "24",
  "hrMedia" : "84",
  "hrMax" : "97",
  "horaHrMax" : "Varias",
  "hrMin" : "42",
  "horaHrMin" : "11:20"
}, {
  "fecha" : "2024-10-27",
  "indicativo" : "5103E",
  "nombre" : "CAMARATE 2, PARQUE NACIONAL SIERRA NEVADA",
  "provincia" : "GRANADA",
  "altitud" : "2152",
  "tmed" : "-1,4",
  "tmin" : "-3,7",
  "horatmin" : "22:30",
  "tmax" : "0,8",
  "horatmax" : "09:40",
  "dir" : "23",
  "velmedia" : "1,1",
  "racha" : "12,5",
  "horaracha" : "01:20",
  "presMax" : "783,1",
  "horaPresMax" : "22",
  "presMin" : "780,6",
  "horaPresMin" : "06",
  "hrMedia" : "95",
  "hrMax" : "97",
  "horaHrMax" : "Varias",
  "hrMin" : "88",
  "horaHrMin" : "09:40"
}, {
  "fecha" : "2024-10-28",
  "indicativo" : "5103E",
  "nombre" : "CAMARATE 2, PARQUE NACIONAL SIERRA NEVADA",
  "provincia" : "GRANADA",
  "altitud" : "2152",
  "tmed" : "1,2",
  "tmin" : "-4,1",
  "horatmin" : "02:00",
  "tmax" : "6,5",
  "horatmax" : "23:59",
  "dir" : "09",
  "velmedia" : "2,2",
  "racha" : "20,8",
  "horaracha" : "23:00",
  "presMax" : "785,0",
  "horaPresMax" : "10",
  "presMin" : "782,4",
  "horaPresMin" : "02",
  "hrMedia" : "88",
  "hrMax" : "99",
  "horaHrMax" : "18:00",
  "hrMin" : "59",
  "horaHrMin" : "08:00"
}, {
  "fecha" : "2024-10-29",
  "indicativo" : "5103E",
  "nombre" : "CAMARATE 2, PARQUE NACIONAL SIERRA NEVADA",
  "provincia" : "GRANADA",
  "altitud" : "2152",
  "tmed" : "4,6",
  "tmin" : "0,6",
  "horatmin" : "19:00",
  "tmax" : "8,5",
  "horatmax" : "10:30",
  "dir" : "09",
  "velmedia" : "6,1",
  "racha" : "25,0",
  "horaracha" : "12:20",
  "presMax" : "783,5",
  "horaPresMax" : "00",
  "presMin" : "779,8",
  "horaPresMin" : "14",
  "hrMedia" : "77",
  "hrMax" : "97",
  "horaHrMax" : "Varias",
  "hrMin" : "69",
  "horaHrMin" : "17:20"
}, {
  "fecha" : "2024-10-30",
  "indicativo" : "5103E",
  "nombre" : "CAMARATE 2, PARQUE NACIONAL SIERRA NEVADA",
  "provincia" : "GRANADA",
  "altitud" : "2152",
  "tmed" : "3,6",
  "tmin" : "0,3",
  "horatmin" : "03:20",
  "tmax" : "6,9",
  "horatmax" : "11:30",
  "dir" : "20",
  "velmedia" : "5,8",
  "racha" : "18,3",
  "horaracha" : "07:30",
  "presMax" : "787,3",
  "horaPresMax" : "23",
  "presMin" : "780,6",
  "horaPresMin" : "02",
  "hrMedia" : "80",
  "hrMax" : "92",
  "horaHrMax" : "03:10",
  "hrMin" : "66",
  "horaHrMin" : "23:50"
}, {
  "fecha" : "2024-10-31",
  "indicativo" : "5103E",
  "nombre" : "CAMARATE 2, PARQUE NACIONAL SIERRA NEVADA",
  "provincia" : "GRANADA",
  "altitud" : "2152",
  "tmed" : "6,0",
  "tmin" : "3,6",
  "horatmin" : "04:00",
  "tmax" : "8,5",
  "horatmax" : "11:50",
  "dir" : "20",
  "velmedia" : "0,8",
  "racha" : "12,8",
  "horaracha" : "00:10",
  "presMax" : "790,5",
  "horaPresMax" : "Varias",
  "presMin" : "786,9",
  "horaPresMin" : "03",
  "hrMedia" : "83",
  "hrMax" : "96",
  "horaHrMax" : "18:10",
  "hrMin" : "67",
  "horaHrMin" : "23:20"
}, {
  "fecha" : "2024-11-01",
  "indicativo" : "5103E",
  "nombre" : "CAMARATE 2, PARQUE NACIONAL SIERRA NEVADA",
  "provincia" : "GRANADA",
  "altitud" : "2152",
  "tmed" : "7,3",
  "tmin" : "3,3",
  "horatmin" : "23:59",
  "tmax" : "11,3",
  "horatmax" : "12:50",
  "dir" : "18",
  "velmedia" : "2,5",
  "racha" : "12,5",
  "horaracha" : "00:10",
  "presMax" : "789,7",
  "horaPresMax" : "Varias",
  "presMin" : "788,3",
  "horaPresMin" : "05",
  "hrMedia" : "74",
  "hrMax" : "89",
  "horaHrMax" : "17:30",
  "hrMin" : "52",
  "horaHrMin" : "06:20"
}, {
  "fecha" : "2024-11-02",
  "indicativo" : "5103E",
  "nombre" : "CAMARATE 2, PARQUE NACIONAL SIERRA NEVADA",
  "provincia" : "GRANADA",
  "altitud" : "2152",
  "tmed" : "6,0",
  "tmin" : "3,1",
  "horatmin" : "07:20",
  "tmax" : "8,8",
  "horatmax" : "10:30",
  "dir" : "14",
  "velmedia" : "1,4",
  "racha" : "6,7",
  "horaracha" : "22:40",
  "presMax" : "789,7",
  "horaPresMax" : "21",
  "presMin" : "787,7",
  "horaPresMin" : "Varias",
  "hrMedia" : "77",
  "hrMax" : "92",
  "horaHrMax" : "13:00",
  "hrMin" : "46",
  "horaHrMin" : "08:20"
}, {
  "fecha" : "2024-11-03",
  "indicativo" : "5103E",
  "nombre" : "CAMARATE 2, PARQUE NACIONAL SIERRA NEVADA",
  "provincia" : "GRANADA",
  "altitud" : "2152",
  "tmed" : "5,6",
  "tmin" : "2,3",
  "horatmin" : "04:20",
  "tmax" : "8,9",
  "horatmax" : "13:00",
  "dir" : "11",
  "velmedia" : "1,7",
  "racha" : "10,0",
  "horaracha" : "09:50",
  "presMax" : "789,8",
  "horaPresMax" : "11",
  "presMin" : "788,1",
  "horaPresMin" : "15",
  "hrMedia" : "77",
  "hrMax" : "93",
  "horaHrMax" : "11:20",
  "hrMin" : "38",
  "horaHrMin" : "02:40"
}, {
  "fecha" : "2024-11-04",
  "indicativo" : "5103E",
  "nombre" : "CAMARATE 2, PARQUE NACIONAL SIERRA NEVADA",
  "provincia" : "GRANADA",
  "altitud" : "2152",
  "tmed" : "9,2",
  "tmin" : "5,3",
  "horatmin" : "02:30",
  "tmax" : "13,1",
  "horatmax" : "12:20",
  "dir" : "23",
  "velmedia" : "2,2",
  "racha" : "10,0",
  "horaracha" : "22:40",
  "presMax" : "792,8",
  "horaPresMax" : "21",
  "presMin" : "788,7",
  "horaPresMin" : "03",
  "hrMedia" : "53",
  "hrMax" : "83",
  "horaHrMax" : "19:10",
  "hrMin" : "25",
  "horaHrMin" : "09:00"
}, {
  "fecha" : "2024-11-05",
  "indicativo" : "5103E",
  "nombre" : "CAMARATE 2, PARQUE NACIONAL SIERRA NEVADA",
  "provincia" : "GRANADA",
  "altitud" : "2152",
  "tmed" : "8,8",
  "tmin" : "4,6",
  "horatmin" : "23:40",
  "tmax" : "12,9",
  "horatmax" : "13:50",
  "dir" : "23",
  "velmedia" : "3,9",
  "racha" : "11,4",
  "horaracha" : "02:40",
  "presMax" : "794,3",
  "horaPresMax" : "11",
  "presMin" : "792,1",
  "horaPresMin" : "03",
  "hrMedia" : "55",
  "hrMax" : "79",
  "horaHrMax" : "18:00",
  "hrMin" : "30",
  "horaHrMin" : "01:50"
}, {
  "fecha" : "2024-11-06",
  "indicativo" : "5103E",
  "nombre" : "CAMARATE 2, PARQUE NACIONAL SIERRA NEVADA",
  "provincia" : "GRANADA",
  "altitud" : "2152",
  "tmed" : "7,8",
  "tmin" : "4,4",
  "horatmin" : "22:40",
  "tmax" : "11,2",
  "horatmax" : "09:50",
  "dir" : "24",
  "velmedia" : "1,7",
  "racha" : "9,2",
  "horaracha" : "00:20",
  "presMax" : "794,0",
  "horaPresMax" : "10",
  "presMin" : "792,2",
  "horaPresMin" : "Varias",
  "hrMedia" : "67",
  "hrMax" : "93",
  "horaHrMax" : "18:30",
  "hrMin" : "42",
  "horaHrMin" : "06:00"
}, {
  "fecha" : "2024-11-07",
  "indicativo" : "5103E",
  "nombre" : "CAMARATE 2, PARQUE NACIONAL SIERRA NEVADA",
  "provincia" : "GRANADA",
  "altitud" : "2152",
  "tmed" : "7,4",
  "tmin" : "4,1",
  "horatmin" : "06:50",
  "tmax" : "10,8",
  "horatmax" : "10:30",
  "dir" : "25",
  "velmedia" : "1,9",
  "racha" : "13,9",
  "horaracha" : "23:20",
  "presMax" : "792,4",
  "horaPresMax" : "00",
  "presMin" : "791,2",
  "horaPresMin" : "Varias",
  "hrMedia" : "77",
  "hrMax" : "90",
  "horaHrMax" : "17:20",
  "hrMin" : "18",
  "horaHrMin" : "22:50"
}, {
  "fecha" : "2024-11-08",
  "indicativo" : "5103E",
  "nombre" : "CAMARATE 2, PARQUE NACIONAL SIERRA NEVADA",
  "provincia" : "GRANADA",
  "altitud" : "2152",
  "tmed" : "9,5",
  "tmin" : "6,6",
  "horatmin" : "14:40",
  "tmax" : "12,4",
  "horatmax" : "11:40",
  "dir" : "22",
  "velmedia" : "6,4",
  "racha" : "17,8",
  "horaracha" : "21:50",
  "presMax" : "793,7",
  "horaPresMax" : "22",
  "presMin" : "791,0",
  "horaPresMin" : "05",
  "hrMedia" : "51",
  "hrMax" : "79",
  "horaHrMax" : "14:40",
  "hrMin" : "25",
  "horaHrMin" : "23:50"
}, {
  "fecha" : "2024-11-09",
  "indicativo" : "5103E",
  "nombre" : "CAMARATE 2, PARQUE NACIONAL SIERRA NEVADA",
  "provincia" : "GRANADA",
  "altitud" : "2152",
  "tmed" : "6,9",
  "tmin" : "2,5",
  "horatmin" : "23:20",
  "tmax" : "11,3",
  "horatmax" : "10:40",
  "dir" : "23",
  "velmedia" : "6,7",
  "racha" : "18,1",
  "horaracha" : "08:00",
  "presMax" : "794,3",
  "horaPresMax" : "10",
  "presMin" : "792,6",
  "horaPresMin" : "14",
  "hrMedia" : "72",
  "hrMax" : "94",
  "horaHrMax" : "Varias",
  "hrMin" : "8",
  "horaHrMin" : "03:30"
}, {
  "fecha" : "2024-11-10",
  "indicativo" : "5103E",
  "nombre" : "CAMARATE 2, PARQUE NACIONAL SIERRA NEVADA",
  "provincia" : "GRANADA",
  "altitud" : "2152",
  "tmed" : "6,0",
  "tmin" : "2,5",
  "horatmin" : "03:30",
  "tmax" : "9,4",
  "horatmax" : "10:50",
  "dir" : "02",
  "velmedia" : "1,4",
  "racha" : "5,3",
  "horaracha" : "13:40",
  "presMax" : "794,3",
  "horaPresMax" : "10",
  "presMin" : "792,2",
  "horaPresMin" : "24",
  "hrMedia" : "43",
  "hrMax" : "83",
  "horaHrMax" : "02:30",
  "hrMin" : "18",
  "horaHrMin" : "10:40"
}, {
  "fecha" : "2024-11-11",
  "indicativo" : "5103E",
  "nombre" : "CAMARATE 2, PARQUE NACIONAL SIERRA NEVADA",
  "provincia" : "GRANADA",
  "altitud" : "2152",
  "tmed" : "4,8",
  "tmin" : "1,5",
  "horatmin" : "23:59",
  "tmax" : "8,0",
  "horatmax" : "11:30",
  "dir" : "36",
  "velmedia" : "1,4",
  "racha" : "5,8",
  "horaracha" : "15:40",
  "presMax" : "792,2",
  "horaPresMax" : "00",
  "presMin" : "790,5",
  "horaPresMin" : "Varias",
  "hrMedia" : "83",
  "hrMax" : "94",
  "horaHrMax" : "23:50",
  "hrMin" : "65",
  "horaHrMin" : "08:30"
}, {
  "fecha" : "2024-11-12",
  "indicativo" : "5103E",
  "nombre" : "CAMARATE 2, PARQUE NACIONAL SIERRA NEVADA",
  "provincia" : "GRANADA",
  "altitud" : "2152",
  "tmed" : "3,2",
  "tmin" : "0,7",
  "horatmin" : "07:00",
  "tmax" : "5,7",
  "horatmax" : "12:30",
  "dir" : "21",
  "velmedia" : "2,5",
  "racha" : "7,5",
  "horaracha" : "23:00",
  "presMax" : "790,5",
  "horaPresMax" : "00",
  "presMin" : "780,9",
  "horaPresMin" : "24",
  "hrMedia" : "86",
  "hrMax" : "97",
  "horaHrMax" : "Varias",
  "hrMin" : "71",
  "horaHrMin" : "06:00"
}, {
  "fecha" : "2024-11-13",
  "indicativo" : "5103E",
  "nombre" : "CAMARATE 2, PARQUE NACIONAL SIERRA NEVADA",
  "provincia" : "GRANADA",
  "altitud" : "2152",
  "tmed" : "1,9",
  "tmin" : "0,0",
  "horatmin" : "07:50",
  "tmax" : "3,8",
  "horatmax" : "13:30",
  "dir" : "22",
  "velmedia" : "2,5",
  "racha" : "20,3",
  "horaracha" : "15:10",
  "presMax" : "784,1",
  "horaPresMax" : "24",
  "presMin" : "777,4",
  "horaPresMin" : "14",
  "hrMedia" : "91",
  "hrMax" : "98",
  "horaHrMax" : "Varias",
  "hrMin" : "75",
  "horaHrMin" : "11:00"
}, {
  "fecha" : "2024-11-14",
  "indicativo" : "5103E",
  "nombre" : "CAMARATE 2, PARQUE NACIONAL SIERRA NEVADA",
  "provincia" : "GRANADA",
  "altitud" : "2152",
  "tmed" : "5,6",
  "tmin" : "2,3",
  "horatmin" : "01:00",
  "tmax" : "8,9",
  "horatmax" : "14:00",
  "dir" : "21",
  "velmedia" : "3,3",
  "racha" : "15,6",
  "horaracha" : "00:10",
  "presMax" : "787,9",
  "horaPresMax" : "23",
  "presMin" : "783,8",
  "horaPresMin" : "00",
  "hrMedia" : "69",
  "hrMax" : "97",
  "horaHrMax" : "00:00",
  "hrMin" : "44",
  "horaHrMin" : "Varias"
}, {
  "fecha" : "2024-11-15",
  "indicativo" : "5103E",
  "nombre" : "CAMARATE 2, PARQUE NACIONAL SIERRA NEVADA",
  "provincia" : "GRANADA",
  "altitud" : "2152",
  "tmed" : "8,0",
  "tmin" : "4,7",
  "horatmin" : "01:00",
  "tmax" : "11,4",
  "horatmax" : "14:20",
  "dir" : "11",
  "velmedia" : "3,6",
  "racha" : "14,7",
  "horaracha" : "04:50",
  "presMax" : "789,1",
  "horaPresMax" : "21",
  "presMin" : "785,9",
  "horaPresMin" : "05",
  "hrMedia" : "53",
  "hrMax" : "70",
  "horaHrMax" : "03:50",
  "hrMin" : "36",
  "horaHrMin" : "14:00"
}, {
  "fecha" : "2024-11-16",
  "indicativo" : "5103E",
  "nombre" : "CAMARATE 2, PARQUE NACIONAL SIERRA NEVADA",
  "provincia" : "GRANADA",
  "altitud" : "2152",
  "tmed" : "8,6",
  "tmin" : "6,1",
  "horatmin" : "19:00",
  "tmax" : "11,2",
  "horatmax" : "13:30",
  "dir" : "21",
  "velmedia" : "4,4",
  "racha" : "21,7",
  "horaracha" : "08:20",
  "presMax" : "789,9",
  "horaPresMax" : "10",
  "presMin" : "787,4",
  "horaPresMin" : "06",
  "hrMedia" : "50",
  "hrMax" : "67",
  "horaHrMax" : "16:50",
  "hrMin" : "35",
  "horaHrMin" : "Varias"
}, {
  "fecha" : "2024-11-17",
  "indicativo" : "5103E",
  "nombre" : "CAMARATE 2, PARQUE NACIONAL SIERRA NEVADA",
  "provincia" : "GRANADA",
  "altitud" : "2152",
  "tmed" : "9,5",
  "tmin" : "4,7",
  "horatmin" : "23:30",
  "tmax" : "14,3",
  "horatmax" : "12:20",
  "dir" : "20",
  "velmedia" : "2,2",
  "racha" : "9,7",
  "horaracha" : "18:30",
  "presMax" : "790,6",
  "horaPresMax" : "10",
  "presMin" : "789,0",
  "horaPresMin" : "14",
  "hrMedia" : "53",
  "hrMax" : "79",
  "horaHrMax" : "19:10",
  "hrMin" : "41",
  "horaHrMin" : "12:40"
}, {
  "fecha" : "2024-11-18",
  "indicativo" : "5103E",
  "nombre" : "CAMARATE 2, PARQUE NACIONAL SIERRA NEVADA",
  "provincia" : "GRANADA",
  "altitud" : "2152",
  "tmed" : "7,5",
  "tmin" : "4,4",
  "horatmin" : "08:00",
  "tmax" : "10,6",
  "horatmax" : "13:40",
  "dir" : "24",
  "velmedia" : "3,9",
  "racha" : "11,1",
  "horaracha" : "17:20",
  "presMax" : "791,0",
  "horaPresMax" : "10",
  "presMin" : "788,9",
  "horaPresMin" : "18",
  "hrMedia" : "54",
  "hrMax" : "67",
  "horaHrMax" : "00:00",
  "hrMin" : "39",
  "horaHrMin" : "05:50"
}, {
  "fecha" : "2024-11-19",
  "indicativo" : "5103E",
  "nombre" : "CAMARATE 2, PARQUE NACIONAL SIERRA NEVADA",
  "provincia" : "GRANADA",
  "altitud" : "2152",
  "tmed" : "5,6",
  "tmin" : "2,4",
  "horatmin" : "23:40",
  "tmax" : "8,8",
  "horatmax" : "12:20",
  "dir" : "23",
  "velmedia" : "5,8",
  "racha" : "13,1",
  "horaracha" : "20:50",
  "presMax" : "790,7",
  "horaPresMax" : "10",
  "presMin" : "788,5",
  "horaPresMin" : "05",
  "hrMedia" : "77",
  "hrMax" : "96",
  "horaHrMax" : "19:00",
  "hrMin" : "58",
  "horaHrMin" : "03:00"
}, {
  "fecha" : "2024-11-20",
  "indicativo" : "5103E",
  "nombre" : "CAMARATE 2, PARQUE NACIONAL SIERRA NEVADA",
  "provincia" : "GRANADA",
  "altitud" : "2152",
  "tmed" : "5,6",
  "tmin" : "1,8",
  "horatmin" : "05:00",
  "tmax" : "9,4",
  "horatmax" : "14:00",
  "dir" : "23",
  "velmedia" : "9,2",
  "racha" : "16,1",
  "horaracha" : "06:50",
  "presMax" : "791,6",
  "horaPresMax" : "Varias",
  "presMin" : "788,8",
  "horaPresMin" : "06",
  "hrMedia" : "49",
  "hrMax" : "91",
  "horaHrMax" : "04:50",
  "hrMin" : "36",
  "horaHrMin" : "10:10"
}, {
  "fecha" : "2024-11-21",
  "indicativo" : "5103E",
  "nombre" : "CAMARATE 2, PARQUE NACIONAL SIERRA NEVADA",
  "provincia" : "GRANADA",
  "altitud" : "2152",
  "tmed" : "6,0",
  "tmin" : "3,5",
  "horatmin" : "02:30",
  "tmax" : "8,4",
  "horatmax" : "14:50",
  "dir" : "23",
  "velmedia" : "9,2",
  "racha" : "15,8",
  "horaracha" : "23:00",
  "presMax" : "790,9",
  "horaPresMax" : "00",
  "presMin" : "786,5",
  "horaPresMin" : "24",
  "hrMedia" : "42",
  "hrMax" : "61",
  "horaHrMax" : "10:50",
  "hrMin" : "21",
  "horaHrMin" : "23:40"
}, {
  "fecha" : "2024-11-22",
  "indicativo" : "5103E",
  "nombre" : "CAMARATE 2, PARQUE NACIONAL SIERRA NEVADA",
  "provincia" : "GRANADA",
  "altitud" : "2152",
  "tmed" : "5,6",
  "tmin" : "1,8",
  "horatmin" : "09:30",
  "tmax" : "9,4",
  "horatmax" : "12:40",
  "dir" : "24",
  "velmedia" : "3,3",
  "racha" : "15,0",
  "horaracha" : "00:50",
  "presMax" : "791,0",
  "horaPresMax" : "22",
  "presMin" : "786,0",
  "horaPresMin" : "03",
  "hrMedia" : "64",
  "hrMax" : "90",
  "horaHrMax" : "16:10",
  "hrMin" : "21",
  "horaHrMin" : "00:00"
}, {
  "fecha" : "2024-11-23",
  "indicativo" : "5103E",
  "nombre" : "CAMARATE 2, PARQUE NACIONAL SIERRA NEVADA",
  "provincia" : "GRANADA",
  "altitud" : "2152",
  "tmed" : "6,4",
  "tmin" : "3,1",
  "horatmin" : "05:00",
  "tmax" : "9,8",
  "horatmax" : "11:00",
  "dir" : "20",
  "velmedia" : "0,8",
  "racha" : "6,7",
  "horaracha" : "22:20",
  "presMax" : "792,0",
  "horaPresMax" : "10",
  "presMin" : "790,0",
  "horaPresMin" : "04",
  "hrMedia" : "69",
  "hrMax" : "87",
  "horaHrMax" : "16:40",
  "hrMin" : "20",
  "horaHrMin" : "22:50"
}, {
  "fecha" : "2024-11-24",
  "indicativo" : "5103E",
  "nombre" : "CAMARATE 2, PARQUE NACIONAL SIERRA NEVADA",
  "provincia" : "GRANADA",
  "altitud" : "2152",
  "tmed" : "10,0",
  "tmin" : "5,2",
  "horatmin" : "00:40",
  "tmax" : "14,8",
  "horatmax" : "14:10",
  "dir" : "21",
  "velmedia" : "5,3",
  "racha" : "17,2",
  "horaracha" : "23:30",
  "presMax" : "793,0",
  "horaPresMax" : "10",
  "presMin" : "791,0",
  "horaPresMin" : "Varias",
  "hrMedia" : "38",
  "hrMax" : "56",
  "horaHrMax" : "17:40",
  "hrMin" : "21",
  "horaHrMin" : "01:20"
}, {
  "fecha" : "2024-11-25",
  "indicativo" : "5103E",
  "nombre" : "CAMARATE 2, PARQUE NACIONAL SIERRA NEVADA",
  "provincia" : "GRANADA",
  "altitud" : "2152",
  "tmed" : "8,3",
  "tmin" : "5,0",
  "horatmin" : "16:00",
  "tmax" : "11,6",
  "horatmax" : "01:00",
  "dir" : "25",
  "velmedia" : "9,4",
  "racha" : "26,1",
  "horaracha" : "14:00",
  "presMax" : "791,2",
  "horaPresMax" : "03",
  "presMin" : "788,5",
  "horaPresMin" : "14",
  "hrMedia" : "67",
  "hrMax" : "89",
  "horaHrMax" : "16:30",
  "hrMin" : "39",
  "horaHrMin" : "00:50"
}, {
  "fecha" : "2024-11-26",
  "indicativo" : "5103E",
  "nombre" : "CAMARATE 2, PARQUE NACIONAL SIERRA NEVADA",
  "provincia" : "GRANADA",
  "altitud" : "2152",
  "tmed" : "7,2",
  "tmin" : "4,9",
  "horatmin" : "01:20",
  "tmax" : "9,6",
  "horatmax" : "14:30",
  "dir" : "22",
  "velmedia" : "8,1",
  "racha" : "22,2",
  "horaracha" : "06:40",
  "presMax" : "791,4",
  "horaPresMax" : "Varias",
  "presMin" : "789,5",
  "horaPresMin" : "05",
  "hrMedia" : "56",
  "hrMax" : "89",
  "horaHrMax" : "16:40",
  "hrMin" : "22",
  "horaHrMin" : "Varias"
}, {
  "fecha" : "2024-11-27",
  "indicativo" : "5103E",
  "nombre" : "CAMARATE 2, PARQUE NACIONAL SIERRA NEVADA",
  "provincia" : "GRANADA",
  "altitud" : "2152",
  "tmed" : "6,8",
  "tmin" : "3,3",
  "horatmin" : "18:30",
  "tmax" : "10,2",
  "horatmax" : "12:50",
  "dir" : "25",
  "velmedia" : "4,7",
  "racha" : "13,6",
  "horaracha" : "00:50",
  "presMax" : "793,3",
  "horaPresMax" : "Varias",
  "presMin" : "789,9",
  "horaPresMin" : "04",
  "hrMedia" : "31",
  "hrMax" : "68",
  "horaHrMax" : "00:10",
  "hrMin" : "10",
  "horaHrMin" : "06:10"
}, {
  "fecha" : "2024-11-28",
  "indicativo" : "5103E",
  "nombre" : "CAMARATE 2, PARQUE NACIONAL SIERRA NEVADA",
  "provincia" : "GRANADA",
  "altitud" : "2152",
  "tmed" : "8,2",
  "tmin" : "4,0",
  "horatmin" : "05:30",
  "tmax" : "12,5",
  "horatmax" : "12:50",
  "dir" : "25",
  "velmedia" : "6,9",
  "racha" : "12,2",
  "horaracha" : "11:30",
  "presMax" : "796,6",
  "horaPresMax" : "23",
  "presMin" : "792,5",
  "horaPresMin" : "01",
  "hrMedia" : "34",
  "hrMax" : "59",
  "horaHrMax" : "23:59",
  "hrMin" : "20",
  "horaHrMin" : "07:40"
}, {
  "fecha" : "2024-11-29",
  "indicativo" : "5103E",
  "nombre" : "CAMARATE 2, PARQUE NACIONAL SIERRA NEVADA",
  "provincia" : "GRANADA",
  "altitud" : "2152",
  "tmed" : "10,0",
  "tmin" : "6,4",
  "horatmin" : "02:20",
  "tmax" : "13,5",
  "horatmax" : "13:10",
  "dir" : "23",
  "velmedia" : "5,8",
  "racha" : "11,4",
  "horaracha" : "22:30",
  "presMax" : "798,4",
  "horaPresMax" : "Varias",
  "presMin" : "796,3",
  "horaPresMin" : "01",
  "hrMedia" : "49",
  "hrMax" : "61",
  "horaHrMax" : "02:20",
  "hrMin" : "40",
  "horaHrMin" : "12:50"
}, {
  "fecha" : "2024-11-30",
  "indicativo" : "5103E",
  "nombre" : "CAMARATE 2, PARQUE NACIONAL SIERRA NEVADA",
  "provincia" : "GRANADA",
  "altitud" : "2152",
  "tmed" : "9,8",
  "tmin" : "6,4",
  "horatmin" : "18:00",
  "tmax" : "13,1",
  "horatmax" : "12:20",
  "dir" : "24",
  "velmedia" : "4,2",
  "racha" : "10,8",
  "horaracha" : "00:20",
  "presMax" : "798,9",
  "horaPresMax" : "10",
  "presMin" : "796,1",
  "horaPresMin" : "24",
  "hrMedia" : "39",
  "hrMax" : "50",
  "horaHrMax" : "17:50",
  "hrMin" : "29",
  "horaHrMin" : "11:50"
}, {
  "fecha" : "2024-12-01",
  "indicativo" : "5103E",
  "nombre" : "CAMARATE 2, PARQUE NACIONAL SIERRA NEVADA",
  "provincia" : "GRANADA",
  "altitud" : "2152",
  "tmed" : "8,5",
  "tmin" : "5,6",
  "horatmin" : "16:30",
  "tmax" : "11,4",
  "horatmax" : "09:40",
  "dir" : "20",
  "velmedia" : "3,6",
  "racha" : "13,1",
  "horaracha" : "18:10",
  "presMax" : "796,1",
  "horaPresMax" : "00",
  "presMin" : "794,1",
  "horaPresMin" : "Varias",
  "hrMedia" : "51",
  "hrMax" : "76",
  "horaHrMax" : "16:20",
  "hrMin" : "37",
  "horaHrMin" : "09:40"
}, {
  "fecha" : "2024-12-02",
  "indicativo" : "5103E",
  "nombre" : "CAMARATE 2, PARQUE NACIONAL SIERRA NEVADA",
  "provincia" : "GRANADA",
  "altitud" : "2152",
  "tmed" : "6,6",
  "tmin" : "2,8",
  "horatmin" : "20:50",
  "tmax" : "10,5",
  "horatmax" : "12:30",
  "dir" : "22",
  "velmedia" : "2,8",
  "racha" : "8,6",
  "horaracha" : "22:30",
  "presMax" : "794,2",
  "horaPresMax" : "10",
  "presMin" : "792,5",
  "horaPresMin" : "24",
  "hrMedia" : "53",
  "hrMax" : "70",
  "horaHrMax" : "19:50",
  "hrMin" : "41",
  "horaHrMin" : "Varias"
}, {
  "fecha" : "2024-12-03",
  "indicativo" : "5103E",
  "nombre" : "CAMARATE 2, PARQUE NACIONAL SIERRA NEVADA",
  "provincia" : "GRANADA",
  "altitud" : "2152",
  "tmed" : "4,8",
  "tmin" : "1,4",
  "horatmin" : "20:30",
  "tmax" : "8,3",
  "horatmax" : "12:40",
  "dir" : "24",
  "velmedia" : "8,1",
  "racha" : "18,9",
  "horaracha" : "06:30",
  "presMax" : "792,5",
  "horaPresMax" : "00",
  "presMin" : "789,0",
  "horaPresMin" : "15",
  "hrMedia" : "66",
  "hrMax" : "95",
  "horaHrMax" : "19:10",
  "hrMin" : "47",
  "horaHrMin" : "05:50"
}, {
  "fecha" : "2024-12-04",
  "indicativo" : "5103E",
  "nombre" : "CAMARATE 2, PARQUE NACIONAL SIERRA NEVADA",
  "provincia" : "GRANADA",
  "altitud" : "2152",
  "tmed" : "3,2",
  "tmin" : "0,0",
  "horatmin" : "17:40",
  "tmax" : "6,5",
  "horatmax" : "12:40",
  "dir" : "26",
  "velmedia" : "5,0",
  "racha" : "15,6",
  "horaracha" : "07:40",
  "presMax" : "794,8",
  "horaPresMax" : "Varias",
  "presMin" : "788,2",
  "horaPresMin" : "07",
  "hrMedia" : "69",
  "hrMax" : "93",
  "horaHrMax" : "17:10",
  "hrMin" : "21",
  "horaHrMin" : "23:00"
}, {
  "fecha" : "2024-12-05",
  "indicativo" : "5103E",
  "nombre" : "CAMARATE 2, PARQUE NACIONAL SIERRA NEVADA",
  "provincia" : "GRANADA",
  "altitud" : "2152",
  "tmed" : "6,5",
  "tmin" : "2,5",
  "horatmin" : "00:10",
  "tmax" : "10,5",
  "horatmax" : "11:30",
  "dir" : "21",
  "velmedia" : "3,1",
  "racha" : "11,4",
  "horaracha" : "05:50",
  "presMax" : "797,7",
  "horaPresMax" : "23",
  "presMin" : "794,0",
  "horaPresMin" : "Varias",
  "hrMedia" : "33",
  "hrMax" : "56",
  "horaHrMax" : "18:20",
  "hrMin" : "9",
  "horaHrMin" : "Varias"
}, {
  "fecha" : "2024-12-06",
  "indicativo" : "5103E",
  "nombre" : "CAMARATE 2, PARQUE NACIONAL SIERRA NEVADA",
  "provincia" : "GRANADA",
  "altitud" : "2152",
  "tmed" : "9,4",
  "tmin" : "4,8",
  "horatmin" : "03:00",
  "tmax" : "14,0",
  "horatmax" : "14:30",
  "dir" : "10",
  "velmedia" : "2,8",
  "racha" : "8,1",
  "horaracha" : "06:20",
  "presMax" : "798,5",
  "horaPresMax" : "10",
  "presMin" : "796,5",
  "horaPresMin" : "24",
  "hrMedia" : "49",
  "hrMax" : "59",
  "horaHrMax" : "09:30",
  "hrMin" : "36",
  "horaHrMin" : "04:40"
}, {
  "fecha" : "2024-12-07",
  "indicativo" : "5103E",
  "nombre" : "CAMARATE 2, PARQUE NACIONAL SIERRA NEVADA",
  "provincia" : "GRANADA",
  "altitud" : "2152",
  "tmed" : "9,4",
  "tmin" : "5,9",
  "horatmin" : "20:20",
  "tmax" : "12,8",
  "horatmax" : "13:20",
  "dir" : "30",
  "velmedia" : "6,4",
  "racha" : "16,1",
  "horaracha" : "22:50",
  "presMax" : "796,5",
  "horaPresMax" : "00",
  "presMin" : "792,3",
  "horaPresMin" : "24",
  "hrMedia" : "29",
  "hrMax" : "65",
  "horaHrMax" : "09:30",
  "hrMin" : "2",
  "horaHrMin" : "Varias"
}, {
  "fecha" : "2024-12-08",
  "indicativo" : "5103E",
  "nombre" : "CAMARATE 2, PARQUE NACIONAL SIERRA NEVADA",
  "provincia" : "GRANADA",
  "altitud" : "2152",
  "tmed" : "1,6",
  "tmin" : "-6,0",
  "horatmin" : "23:59",
  "tmax" : "9,3",
  "horatmax" : "Varias",
  "dir" : "25",
  "velmedia" : "6,4",
  "racha" : "17,5",
  "horaracha" : "11:30",
  "presMax" : "792,3",
  "horaPresMax" : "00",
  "presMin" : "784,9",
  "horaPresMin" : "Varias",
  "hrMedia" : "33",
  "hrMax" : "77",
  "horaHrMax" : "18:40",
  "hrMin" : "3",
  "horaHrMin" : "00:00"
}, {
  "fecha" : "2024-12-09",
  "indicativo" : "5103E",
  "nombre" : "CAMARATE 2, PARQUE NACIONAL SIERRA NEVADA",
  "provincia" : "GRANADA",
  "altitud" : "2152",
  "tmed" : "-4,6",
  "tmin" : "-8,0",
  "horatmin" : "22:10",
  "tmax" : "-1,3",
  "horatmax" : "11:40",
  "dir" : "02",
  "velmedia" : "3,1",
  "racha" : "6,4",
  "horaracha" : "14:00",
  "presMax" : "784,9",
  "horaPresMax" : "00",
  "presMin" : "781,8",
  "horaPresMin" : "15",
  "hrMedia" : "63",
  "hrMax" : "90",
  "horaHrMax" : "23:10",
  "hrMin" : "40",
  "horaHrMin" : "11:00"
}, {
  "fecha" : "2024-12-10",
  "indicativo" : "5103E",
  "nombre" : "CAMARATE 2, PARQUE NACIONAL SIERRA NEVADA",
  "provincia" : "GRANADA",
  "altitud" : "2152",
  "tmed" : "-3,7",
  "tmin" : "-7,6",
  "horatmin" : "01:00",
  "tmax" : "0,2",
  "horatmax" : "13:50",
  "dir" : "22",
  "velmedia" : "1,7",
  "racha" : "5,8",
  "horaracha" : "17:50",
  "presMax" : "783,1",
  "horaPresMax" : "00",
  "presMin" : "781,6",
  "horaPresMin" : "24",
  "hrMedia" : "64",
  "hrMax" : "88",
  "horaHrMax" : "00:10",
  "hrMin" : "30",
  "horaHrMin" : "08:50"
}, {
  "fecha" : "2024-12-11",
  "indicativo" : "5103E",
  "nombre" : "CAMARATE 2, PARQUE NACIONAL SIERRA NEVADA",
  "provincia" : "GRANADA",
  "altitud" : "2152",
  "tmed" : "-4,0",
  "tmin" : "-6,3",
  "horatmin" : "07:20",
  "tmax" : "-1,6",
  "horatmax" : "11:00",
  "dir" : "99",
  "velmedia" : "1,9",
  "racha" : "5,3",
  "horaracha" : "Varias",
  "presMax" : "782,3",
  "horaPresMax" : "Varias",
  "presMin" : "779,9",
  "horaPresMin" : "05",
  "hrMedia" : "84",
  "hrMax" : "94",
  "horaHrMax" : "Varias",
  "hrMin" : "46",
  "horaHrMin" : "01:40"
}, {
  "fecha" : "2024-12-12",
  "indicativo" : "5103E",
  "nombre" : "CAMARATE 2, PARQUE NACIONAL SIERRA NEVADA",
  "provincia" : "GRANADA",
  "altitud" : "2152",
  "tmed" : "-2,0",
  "tmin" : "-5,4",
  "horatmin" : "00:10",
  "tmax" : "1,3",
  "horatmax" : "11:40",
  "dir" : "99",
  "velmedia" : "1,9",
  "racha" : "6,1",
  "horaracha" : "Varias",
  "presMax" : "784,3",
  "horaPresMax" : "24",
  "presMin" : "781,9",
  "horaPresMin" : "Varias",
  "hrMedia" : "81",
  "hrMax" : "94",
  "horaHrMax" : "Varias",
  "hrMin" : "60",
  "horaHrMin" : "11:00"
}, {
  "fecha" : "2024-12-13",
  "indicativo" : "5103E",
  "nombre" : "CAMARATE 2, PARQUE NACIONAL SIERRA NEVADA",
  "provincia" : "GRANADA",
  "altitud" : "2152",
  "tmed" : "-1,5",
  "tmin" : "-4,3",
  "horatmin" : "07:40",
  "tmax" : "1,3",
  "horatmax" : "10:50",
  "dir" : "99",
  "velmedia" : "2,5",
  "racha" : "7,8",
  "horaracha" : "23:50",
  "presMax" : "791,0",
  "horaPresMax" : "23",
  "presMin" : "783,7",
  "horaPresMin" : "01",
  "hrMedia" : "89",
  "hrMax" : "94",
  "horaHrMax" : "01:50",
  "hrMin" : "64",
  "horaHrMin" : "23:59"
}, {
  "fecha" : "2024-12-14",
  "indicativo" : "5103E",
  "nombre" : "CAMARATE 2, PARQUE NACIONAL SIERRA NEVADA",
  "provincia" : "GRANADA",
  "altitud" : "2152",
  "tmed" : "0,7",
  "tmin" : "-2,8",
  "horatmin" : "03:40",
  "tmax" : "4,2",
  "horatmax" : "11:10",
  "dir" : "23",
  "velmedia" : "0,8",
  "racha" : "8,6",
  "horaracha" : "00:40",
  "presMax" : "795,2",
  "horaPresMax" : "23",
  "presMin" : "790,3",
  "horaPresMin" : "02",
  "hrMedia" : "60",
  "hrMax" : "85",
  "horaHrMax" : "17:10",
  "hrMin" : "30",
  "horaHrMin" : "23:40"
}, {
  "fecha" : "2024-12-15",
  "indicativo" : "5103E",
  "nombre" : "CAMARATE 2, PARQUE NACIONAL SIERRA NEVADA",
  "provincia" : "GRANADA",
  "altitud" : "2152",
  "tmed" : "1,4",
  "tmin" : "-2,1",
  "horatmin" : "07:40",
  "tmax" : "5,0",
  "horatmax" : "13:30",
  "dir" : "10",
  "velmedia" : "0,6",
  "racha" : "5,6",
  "horaracha" : "22:10",
  "presMax" : "797,8",
  "horaPresMax" : "23",
  "presMin" : "793,9",
  "horaPresMin" : "04",
  "hrMedia" : "34",
  "hrMax" : "50",
  "horaHrMax" : "11:50",
  "hrMin" : "10",
  "horaHrMin" : "20:30"
}, {
  "fecha" : "2024-12-16",
  "indicativo" : "5103E",
  "nombre" : "CAMARATE 2, PARQUE NACIONAL SIERRA NEVADA",
  "provincia" : "GRANADA",
  "altitud" : "2152",
  "tmed" : "5,8",
  "tmin" : "-0,6",
  "horatmin" : "01:50",
  "tmax" : "12,1",
  "horatmax" : "10:40",
  "dir" : "22",
  "velmedia" : "1,7",
  "racha" : "8,9",
  "horaracha" : "00:50",
  "presMax" : "799,6",
  "horaPresMax" : "10",
  "presMin" : "797,5",
  "horaPresMin" : "00",
  "hrMedia" : "14",
  "hrMax" : "27",
  "horaHrMax" : "03:40",
  "hrMin" : "7",
  "horaHrMin" : "09:20"
}, {
  "fecha" : "2024-12-17",
  "indicativo" : "5103E",
  "nombre" : "CAMARATE 2, PARQUE NACIONAL SIERRA NEVADA",
  "provincia" : "GRANADA",
  "altitud" : "2152",
  "tmed" : "9,8",
  "tmin" : "4,9",
  "horatmin" : "01:00",
  "tmax" : "14,7",
  "horatmax" : "11:40",
  "dir" : "22",
  "velmedia" : "4,4",
  "racha" : "8,9",
  "horaracha" : "07:00",
  "presMax" : "800,2",
  "horaPresMax" : "21",
  "presMin" : "798,2",
  "horaPresMin" : "04",
  "hrMedia" : "11",
  "hrMax" : "57",
  "horaHrMax" : "23:30",
  "hrMin" : "5",
  "horaHrMin" : "07:20"
}, {
  "fecha" : "2024-12-18",
  "indicativo" : "5103E",
  "nombre" : "CAMARATE 2, PARQUE NACIONAL SIERRA NEVADA",
  "provincia" : "GRANADA",
  "altitud" : "2152",
  "tmed" : "9,8",
  "tmin" : "6,8",
  "horatmin" : "01:30",
  "tmax" : "12,8",
  "horatmax" : "12:00",
  "dir" : "23",
  "velmedia" : "4,7",
  "racha" : "12,2",
  "horaracha" : "23:30",
  "presMax" : "801,0",
  "horaPresMax" : "10",
  "presMin" : "797,3",
  "horaPresMin" : "24",
  "hrMedia" : "61",
  "hrMax" : "70",
  "horaHrMax" : "17:00",
  "hrMin" : "51",
  "horaHrMin" : "01:10"
}, {
  "fecha" : "2024-12-19",
  "indicativo" : "5103E",
  "nombre" : "CAMARATE 2, PARQUE NACIONAL SIERRA NEVADA",
  "provincia" : "GRANADA",
  "altitud" : "2152",
  "tmed" : "4,2",
  "tmin" : "-0,8",
  "horatmin" : "22:20",
  "tmax" : "9,2",
  "horatmax" : "03:40",
  "dir" : "27",
  "velmedia" : "8,9",
  "racha" : "19,7",
  "horaracha" : "17:30",
  "presMax" : "797,3",
  "horaPresMax" : "00",
  "presMin" : "791,8",
  "horaPresMin" : "17",
  "hrMedia" : "67",
  "hrMax" : "96",
  "horaHrMax" : "Varias",
  "hrMin" : "32",
  "horaHrMin" : "11:10"
}, {
  "fecha" : "2024-12-20",
  "indicativo" : "5103E",
  "nombre" : "CAMARATE 2, PARQUE NACIONAL SIERRA NEVADA",
  "provincia" : "GRANADA",
  "altitud" : "2152",
  "tmed" : "0,4",
  "tmin" : "-2,8",
  "horatmin" : "21:20",
  "tmax" : "3,5",
  "horatmax" : "11:00",
  "dir" : "24",
  "velmedia" : "2,5",
  "racha" : "7,5",
  "horaracha" : "01:20",
  "presMax" : "792,4",
  "horaPresMax" : "10",
  "presMin" : "790,4",
  "horaPresMin" : "15",
  "hrMedia" : "75",
  "hrMax" : "94",
  "horaHrMax" : "13:00",
  "hrMin" : "24",
  "horaHrMin" : "23:59"
}, {
  "fecha" : "2024-12-21",
  "indicativo" : "5103E",
  "nombre" : "CAMARATE 2, PARQUE NACIONAL SIERRA NEVADA",
  "provincia" : "GRANADA",
  "altitud" : "2152",
  "tmed" : "1,1",
  "tmin" : "-3,5",
  "horatmin" : "04:00",
  "tmax" : "5,7",
  "horatmax" : "11:40",
  "dir" : "13",
  "velmedia" : "3,9",
  "racha" : "11,4",
  "horaracha" : "15:50",
  "presMax" : "794,9",
  "horaPresMax" : "24",
  "presMin" : "790,8",
  "horaPresMin" : "01",
  "hrMedia" : "17",
  "hrMax" : "60",
  "horaHrMax" : "03:40",
  "hrMin" : "10",
  "horaHrMin" : "07:10"
}, {
  "fecha" : "2024-12-22",
  "indicativo" : "5103E",
  "nombre" : "CAMARATE 2, PARQUE NACIONAL SIERRA NEVADA",
  "provincia" : "GRANADA",
  "altitud" : "2152",
  "tmed" : "5,7",
  "tmin" : "1,0",
  "horatmin" : "01:00",
  "tmax" : "10,4",
  "horatmax" : "12:00",
  "dir" : "22",
  "velmedia" : "0,8",
  "racha" : "10,0",
  "horaracha" : "23:59",
  "presMax" : "796,5",
  "horaPresMax" : "11",
  "presMin" : "793,2",
  "horaPresMin" : "24",
  "hrMedia" : "29",
  "hrMax" : "61",
  "horaHrMax" : "17:40",
  "hrMin" : "10",
  "horaHrMin" : "10:50"
}, {
  "fecha" : "2024-12-23",
  "indicativo" : "5103E",
  "nombre" : "CAMARATE 2, PARQUE NACIONAL SIERRA NEVADA",
  "provincia" : "GRANADA",
  "altitud" : "2152",
  "tmed" : "6,4",
  "tmin" : "3,6",
  "horatmin" : "12:30",
  "tmax" : "9,2",
  "horatmax" : "23:10",
  "dir" : "12",
  "velmedia" : "3,6",
  "racha" : "17,5",
  "horaracha" : "23:00",
  "presMax" : "793,2",
  "horaPresMax" : "00",
  "presMin" : "790,3",
  "horaPresMin" : "Varias",
  "hrMedia" : "32",
  "hrMax" : "64",
  "horaHrMax" : "12:30",
  "hrMin" : "12",
  "horaHrMin" : "20:00"
}, {
  "fecha" : "2024-12-24",
  "indicativo" : "5103E",
  "nombre" : "CAMARATE 2, PARQUE NACIONAL SIERRA NEVADA",
  "provincia" : "GRANADA",
  "altitud" : "2152",
  "tmed" : "7,0",
  "tmin" : "2,6",
  "horatmin" : "07:10",
  "tmax" : "11,4",
  "horatmax" : "12:20",
  "dir" : "11",
  "velmedia" : "2,5",
  "racha" : "18,1",
  "horaracha" : "01:10",
  "presMax" : "793,6",
  "horaPresMax" : "23",
  "presMin" : "790,9",
  "horaPresMin" : "00",
  "hrMedia" : "27",
  "hrMax" : "39",
  "horaHrMax" : "15:20",
  "hrMin" : "17",
  "horaHrMin" : "00:00"
}, {
  "fecha" : "2024-12-25",
  "indicativo" : "5103E",
  "nombre" : "CAMARATE 2, PARQUE NACIONAL SIERRA NEVADA",
  "provincia" : "GRANADA",
  "altitud" : "2152",
  "tmed" : "6,4",
  "tmin" : "2,7",
  "horatmin" : "23:30",
  "tmax" : "10,1",
  "horatmax" : "10:30",
  "dir" : "21",
  "velmedia" : "0,8",
  "racha" : "5,0",
  "horaracha" : "20:10",
  "presMax" : "794,5",
  "horaPresMax" : "10",
  "presMin" : "792,9",
  "horaPresMin" : "04",
  "hrMedia" : "36",
  "hrMax" : "46",
  "horaHrMax" : "Varias",
  "hrMin" : "24",
  "horaHrMin" : "09:00"
}, {
  "fecha" : "2024-12-26",
  "indicativo" : "5103E",
  "nombre" : "CAMARATE 2, PARQUE NACIONAL SIERRA NEVADA",
  "provincia" : "GRANADA",
  "altitud" : "2152",
  "tmed" : "5,1",
  "tmin" : "2,4",
  "horatmin" : "01:00",
  "tmax" : "7,8",
  "horatmax" : "13:10",
  "dir" : "13",
  "velmedia" : "3,6",
  "racha" : "11,9",
  "horaracha" : "20:50",
  "presMax" : "794,1",
  "horaPresMax" : "10",
  "presMin" : "792,2",
  "horaPresMin" : "17",
  "hrMedia" : "46",
  "hrMax" : "66",
  "horaHrMax" : "16:40",
  "hrMin" : "40",
  "horaHrMin" : "01:50"
}, {
  "fecha" : "2024-12-27",
  "indicativo" : "5103E",
  "nombre" : "CAMARATE 2, PARQUE NACIONAL SIERRA NEVADA",
  "provincia" : "GRANADA",
  "altitud" : "2152",
  "tmed" : "0,9",
  "tmin" : "-3,4",
  "horatmin" : "23:00",
  "tmax" : "5,2",
  "horatmax" : "11:20",
  "dir" : "11",
  "velmedia" : "1,1",
  "racha" : "5,3",
  "horaracha" : "01:40",
  "presMax" : "793,3",
  "horaPresMax" : "10",
  "presMin" : "791,5",
  "horaPresMin" : "Varias",
  "hrMedia" : "63",
  "hrMax" : "87",
  "horaHrMax" : "22:00",
  "hrMin" : "37",
  "horaHrMin" : "23:40"
}, {
  "fecha" : "2024-12-28",
  "indicativo" : "5103E",
  "nombre" : "CAMARATE 2, PARQUE NACIONAL SIERRA NEVADA",
  "provincia" : "GRANADA",
  "altitud" : "2152",
  "tmed" : "-0,4",
  "tmin" : "-4,4",
  "horatmin" : "22:40",
  "tmax" : "3,6",
  "horatmax" : "10:40",
  "dir" : "11",
  "velmedia" : "0,3",
  "racha" : "3,9",
  "horaracha" : "08:00",
  "presMax" : "792,2",
  "horaPresMax" : "10",
  "presMin" : "790,8",
  "horaPresMin" : "Varias",
  "hrMedia" : "62",
  "hrMax" : "92",
  "horaHrMax" : "18:20",
  "hrMin" : "22",
  "horaHrMin" : "06:00"
}, {
  "fecha" : "2024-12-29",
  "indicativo" : "5103E",
  "nombre" : "CAMARATE 2, PARQUE NACIONAL SIERRA NEVADA",
  "provincia" : "GRANADA",
  "altitud" : "2152",
  "tmed" : "-1,1",
  "tmin" : "-4,9",
  "horatmin" : "00:30",
  "tmax" : "2,7",
  "horatmax" : "10:10",
  "dir" : "99",
  "velmedia" : "0,6",
  "racha" : "3,6",
  "horaracha" : "Varias",
  "presMax" : "791,2",
  "horaPresMax" : "10",
  "presMin" : "789,6",
  "horaPresMin" : "05",
  "hrMedia" : "64",
  "hrMax" : "91",
  "horaHrMax" : "17:40",
  "hrMin" : "17",
  "horaHrMin" : "09:40"
}, {
  "fecha" : "2024-12-30",
  "indicativo" : "5103E",
  "nombre" : "CAMARATE 2, PARQUE NACIONAL SIERRA NEVADA",
  "provincia" : "GRANADA",
  "altitud" : "2152",
  "tmed" : "-1,6",
  "tmin" : "-4,7",
  "horatmin" : "07:30",
  "tmax" : "1,4",
  "horatmax" : "13:50",
  "dir" : "10",
  "velmedia" : "0,8",
  "racha" : "7,8",
  "horaracha" : "21:50",
  "presMax" : "791,9",
  "horaPresMax" : "11",
  "presMin" : "790,1",
  "horaPresMin" : "05",
  "hrMedia" : "65",
  "hrMax" : "91",
  "horaHrMax" : "17:50",
  "hrMin" : "30",
  "horaHrMin" : "08:10"
}, {
  "fecha" : "2024-12-31",
  "indicativo" : "5103E",
  "nombre" : "CAMARATE 2, PARQUE NACIONAL SIERRA NEVADA",
  "provincia" : "GRANADA",
  "altitud" : "2152",
  "tmed" : "-2,6",
  "tmin" : "-5,0",
  "horatmin" : "03:20",
  "tmax" : "-0,2",
  "horatmax" : "11:00",
  "dir" : "99",
  "velmedia" : "3,3",
  "racha" : "9,4",
  "horaracha" : "Varias",
  "presMax" : "791,2",
  "horaPresMax" : "10",
  "presMin" : "789,6",
  "horaPresMin" : "15",
  "hrMedia" : "85",
  "hrMax" : "95",
  "horaHrMax" : "Varias",
  "hrMin" : "67",
  "horaHrMin" : "01:00"
} ]