x,y,class
-0.6174107561118447,1.4425036035680132,0.0
-1.2123075496433633,0.9732190468700455,0.0
-0.0978735855877526,0.4782892056317249,0.0
-0.3489070273745228,2.1075436635790648,0.0
0.29369825440501846,0.9567607362516768,0.0
-0.5699428906826456,0.08259145375954062,0.0
0.7781018366964432,-0.34255056892671104,0.0
-0.56540379017583,0.005780947266660422,0.0
-0.8991069274695057,0.8817868540988189,0.0
-0.11458064393847078,0.7742796065239156,0.0
0.3218794414209084,-0.36209432600965,0.0
-0.9398400906150635,-0.6118638416872294,0.0
0.1707263101293852,-0.8948109260829651,0.0
1.9837715170426122,-0.22237330467120597,0.0
1.0891044767864442,-1.311383516898201,0.0
2.0422196273988256,1.0411498833687587,0.0
-0.3006261156817934,2.0241778661518044,0.0
1.018209893017053,-0.9375145574363472,0.0
0.7790889209504934,-0.6195775175359929,0.0
1.2026035424904982,0.3814246783440182,0.0
1.0473311377836492,-0.439740660098488,0.0
0.8069320718023176,-0.03381915687898576,0.0
-0.4561380414805729,-1.2757518113394246,0.0
-0.17218917443040327,-0.29526035373303405,0.0
0.10561624051186691,-0.3050028143969129,0.0
-0.5925712995544243,-0.27931037203237824,0.0
0.3087942639341052,0.8730157912702965,0.0
0.45614250605472717,-0.3080568747868733,0.0
-2.1564484435119673,0.821963228155163,0.0
1.671755629625385,0.5809530259732181,0.0
0.39456125000110503,-0.8702733025358622,0.0
1.2242076956929215,-1.2819650792487922,0.0
0.06018439353138405,-0.5221622817763744,0.0
-0.1445286514106892,0.28889906788574277,0.0
-0.4171083778779813,-0.9408927186796935,0.0
0.5201365393569058,-1.4449064811507395,0.0
-0.578819414718234,0.09210049583389651,0.0
-1.2636304930619837,-0.2173246961851191,0.0
1.056811936541917,0.4191753457520127,0.0
0.03759456865098138,-0.18136415737677591,0.0
0.42744351005606335,1.3228531993798656,0.0
0.7176525767329268,-0.4549054269915238,0.0
-0.8310232108002944,-0.8552728257407729,0.0
2.1265291766008594,0.27380240408777695,0.0
-1.2322070143418569,-1.0150968058357972,0.0
0.7764054018021608,-0.18153204366772738,0.0
1.5562153770716185,-1.0903622782323803,0.0
0.09810321799591641,-0.28517792548960846,0.0
-1.1759875858003817,-1.0850939162780004,0.0
-0.89320777224971,-0.6878380574936842,0.0
1.620608844433048,1.0683417945870215,0.0
-1.0409282560686717,-1.1350254025233182,0.0
-0.06394782685219062,-0.9243472617437855,0.0
-0.40778354327103583,-0.6492478188618874,0.0
0.16684971850195707,0.3281691070542461,0.0
0.4582521167136397,-0.7679616852603205,0.0
0.9271209531556763,-0.24968412116824498,0.0
0.10274544271152436,-0.25787054163330536,0.0
-0.07214925785230339,0.2838191161393422,0.0
0.228824928163836,-1.3223916805620182,0.0
0.8844076183533762,-0.33856075813181685,0.0
-0.14714443841039565,-0.8383908535239769,0.0
0.8340948810107616,0.14412639803893,0.0
0.5336234643386841,2.1009292446940218,0.0
0.1327919905449868,-0.8760102791163719,0.0
-0.48923817377155676,-0.3214128330986154,0.0
-0.7734940638702035,-0.5379121596898578,0.0
-1.1133110429158348,0.38321487270696053,0.0
-0.7182075335357299,2.161019198864903,0.0
1.0680245871991338,-0.20329096713046838,0.0
-0.11973095615120102,-1.3357606994612385,0.0
-1.0989243156329884,1.7863116810725395,0.0
0.4492079123251896,-0.3134099789745605,0.0
-0.6224924107095605,-1.119968315381952,0.0
1.1893699404964435,0.8048809586737543,0.0
0.7816042688789127,0.2652676972283475,0.0
-1.3653702575497442,-0.04935786861866353,0.0
1.2166072566222936,-0.2951279653128479,0.0
0.5585290196366504,-1.1067544292197207,0.0
0.9604680590685927,-0.09208944043774314,0.0
-0.3985681898690542,-0.5477992927027235,0.0
-0.8656275174835104,1.0513112314456612,0.0
-1.4854921484914974,1.311612984123096,0.0
-1.8068563349777684,-0.12768518002841467,0.0
-0.05404936001413323,0.7072197544605207,0.0
-1.0930111175392838,0.24416714966521721,0.0
-1.0238902256972537,0.9801456519720602,0.0
0.5127271666287805,0.17193498624511253,0.0
-1.1398605410963976,-1.05059200747934,0.0
1.3447637548995877,0.39445253678942027,0.0
0.18080935856795052,-0.42313245843264824,0.0
-0.4843440133897169,0.7325209885778423,0.0
0.9532550163429181,-0.014852945305184613,0.0
0.2751844963191019,0.5186257339824835,0.0
0.40094505565751515,0.2292181107873739,0.0
0.892563125908989,-0.0637366187803954,0.0
-0.47138713038815366,-0.21780852480757887,0.0
1.4106427662044765,-0.39716259033407403,0.0
1.470358125971376,-1.0187551569746,0.0
1.2141056495380755,-2.715954309521293,0.0
1.1343209068294466,-0.8361444106444759,0.0
0.05970754801776569,-0.5154958051177898,0.0
-0.8285853608287423,-0.686395376058553,0.0
-1.6416851257531242,-0.38140995784495874,0.0
1.2345628395795518,1.3413097489210581,0.0
-0.32531820427568475,-0.2726793206629739,0.0
-1.8192884560717377,0.7618597383663406,0.0
-0.9443680074408033,-1.8182562158733018,0.0
-0.823344346060463,-0.38507313198990395,0.0
1.5249216368927718,1.0555880532903725,0.0
0.11137044830163298,0.39584663292878275,0.0
-0.4849437469783373,-1.1936267766148572,0.0
1.2439947351446645,0.7683859362688125,0.0
0.6344518348069661,0.4992113712905045,0.0
0.13960663808029683,0.018947025986494472,0.0
-1.185563024722152,-0.4948217534851171,0.0
-0.17455975873995225,0.8164067101690652,0.0
2.081331943169162,-1.3945703795761721,0.0
1.8342720821617196,-0.7334092652923543,0.0
-1.9502244248055303,-1.0772172322507456,0.0
-1.3503183206684237,-0.6822627374821565,0.0
0.3292524051545497,-0.44478922073332333,0.0
0.9131409285326744,-0.9332966362157938,0.0
-0.8036002204254188,0.437742240795288,0.0
-1.170665409546523,-0.9265674385552551,0.0
-0.8200713714267469,0.47969833599412764,0.0
-1.4041345770122455,-0.5529831151823551,0.0
0.091450513506658,0.4359225900430218,0.0
0.8368503554527427,0.9867717867791347,0.0
0.27282283727531337,1.0438167314968623,0.0
-0.9291053969892176,-0.2924121064297301,0.0
-1.661201423270697,-0.477837897113258,0.0
-0.31086086463124946,0.5692077232595275,0.0
0.25439646613952416,1.000635814304751,0.0
0.4478396523901944,0.7121534563557043,0.0
0.20527808710403245,1.3695917900338244,0.0
-0.4762163672818462,0.2766207506784108,0.0
0.608816583343064,-0.9161391039726848,0.0
-0.19466992009420916,-0.5872835106240399,0.0
1.0428543263067773,-0.8905526274088313,0.0
0.570336794848178,-1.9798321263574425,0.0
-0.49106869123569974,0.3359952886019412,0.0
0.8426598863220914,0.919947161970459,0.0
-1.960288518902248,-0.21508291786713632,0.0
0.7434738629589948,-0.8764685243305302,0.0
0.4767629892881498,1.1394572582537217,0.0
0.8059978681889742,-0.13541398480960185,0.0
-1.7482364862524484,1.3356741131184082,0.0
0.039647887049102576,-2.4665275451991353,0.0
-1.0625945916176376,-0.7395658076764846,0.0
0.14194646650779721,-1.150508542294353,0.0
1.6590845656360687,-1.2411637800130775,0.0
-0.04436919069174043,0.1460583963428146,0.0
0.8790067991918546,-0.5617132888879018,0.0
0.017046680664353074,0.7908705419902909,0.0
-0.4450193547720439,2.2481998461360275,0.0
-1.2920759770546233,-0.256961230341843,0.0
-2.4647444096356903,-1.4474720969847148,0.0
1.1257682485159355,-0.29050480796774886,0.0
-0.08311267507825783,0.7734637460266459,0.0
-0.32228182804589756,-0.7331893645256559,0.0
-0.5795190886958307,0.4388337876954901,0.0
-1.3959950130460392,0.622467213822235,0.0
1.12656820449801,-0.9520375357930791,0.0
-0.032621992945500076,-0.8923821916299457,0.0
-0.37780659433682573,0.18248824043089265,0.0
-0.6133170573622284,1.3575882263842074,0.0
0.7331670907308109,1.1098696715915484,0.0
1.0744232761883916,0.6453294603183781,0.0
-1.2819232579216253,0.20054581290117546,0.0
-1.38585310397775,0.585922550831357,0.0
1.6069180095208664,2.583503004494636,0.0
1.4323232475751069,-1.3766261560466417,0.0
-0.2752174309133894,-0.3600628288519766,0.0
-0.3151353241418747,0.22284385947133709,0.0
-0.3517696148841179,1.527627605140483,0.0
-0.15433410222772265,0.021355667833309746,0.0
-1.2832232531500753,0.4733389118282237,0.0
-0.9831814994405376,-0.8940560170205206,0.0
2.939797092296727,-0.7048488865573009,0.0
1.0552819350394094,0.3107687411971206,0.0
-1.4524293309920193,-0.5508254589831616,0.0
-0.07241959070419497,-0.6128534312769361,0.0
0.09926573350028606,0.27612926750313405,0.0
2.5563445261644624,1.4734288075422572,0.0
-0.6231275239047328,-0.17442469157485532,0.0
0.25190063358499265,0.8028391080168633,0.0
0.32951432817355353,0.5250694118205914,0.0
-3.1300841901441405,-0.3790029502685521,0.0
-0.10057259475237565,-0.5923255466208486,0.0
0.2286773711606791,-0.9172001704900609,0.0
-1.680212729947478,0.6488636054039592,0.0
-0.6616515653700954,-0.1840108767149355,0.0
-0.8730986932464193,-0.398295318864974,0.0
-0.26053561353652255,-0.19855425097249652,0.0
-1.9320542485292038,0.1275624246644019,0.0
0.5902433981219286,0.4054149631834966,0.0
1.4041667455502416,0.12974544493213974,0.0
0.34225688082424194,-0.3970525159834625,0.0
-0.01564457992604452,-0.6997051313366953,0.0
-0.960555557329563,1.5861761243710895,0.0
1.3170338769636503,0.23378144236258366,0.0
-1.2294470714275496,-1.0030934972437353,0.0
-0.00637137524898829,-0.6158284244687815,0.0
-1.8532287718430702,1.0318562373439835,0.0
-0.08229191977583006,-0.0994899331843953,0.0
-1.4929891075815402,1.22105613254455,0.0
-0.2479049867703052,0.19750264280799618,0.0
-0.5279314440201374,-0.6425716478030284,0.0
0.7420593287897719,1.6480799363005387,0.0
1.185320688590609,0.6962323951060327,0.0
-1.3304957489099025,-0.0636141713613198,0.0
-0.48386392469770667,0.2950905996399818,0.0
-0.455185580396236,-0.6236917976144428,0.0
-0.9662455170506542,0.009430504595280872,0.0
0.4334896859587651,-0.5667309361435341,0.0
1.3798920932303593,1.3045746230937172,0.0
1.2362356585125152,1.3101552046613887,0.0
-0.7665096451726688,0.1971855310162402,0.0
-0.48888415548312386,0.3162521850381345,0.0
0.30341472019392385,1.3198088589184886,0.0
-0.9437178490895465,1.176492745250246,0.0
-2.6461306927715347,1.6593138289896934,0.0
1.93901634809759,0.526863690424601,0.0
0.4993194471912349,0.834471602406292,0.0
1.3292341555365843,-0.9568812523838377,0.0
-0.27339634099327387,-0.08544175523230367,0.0
1.9960290333458706,1.7459117382658358,0.0
-0.27230494998245414,0.4428224592907465,0.0
1.7751488982017753,-0.575023566261146,0.0
-0.931396181869001,1.3014456665126204,0.0
-0.25725959767623613,-2.012406891909277,0.0
0.7385675174697283,-1.741926278092105,0.0
1.270026613234195,0.7864948658830925,0.0
1.1569019388909276,-1.3252361433971096,0.0
0.8413726185557815,-0.48634589125012767,0.0
-0.11500525335463017,0.7972965560945634,0.0
-0.9753944222053379,1.1527613756378055,0.0
-0.6227327894257744,0.3600707332785881,0.0
-1.1253699937320465,1.035825122556048,0.0
-0.6427786344346995,0.15606031280043547,0.0
0.8671271100423605,1.0779845614602348,0.0
1.9862400273064436,-0.3653365249224673,0.0
-0.73534325910625,-0.8133944790639805,0.0
-0.9524627611220362,0.8299682244077397,0.0
0.7802118480563095,0.2524900212893227,0.0
1.8216957243061536,0.14528884489654229,0.0
0.06307445659048654,-0.41734147473964656,0.0
-0.020583666657027905,-0.3825168605118896,0.0
-0.2739760538276617,-0.6349995450034139,0.0
-1.1360646810218142,-0.9842953703344977,0.0
-0.23651355819022865,-0.8934893638514048,0.0
0.8070254254389316,-0.225115899081005,0.0
-0.19697149279602294,-0.5902822235639983,0.0
0.2544757700613448,-1.711194299596223,0.0
0.126295859813047,-0.12637667358388083,0.0
-0.30288977006885887,-1.5689812624802524,0.0
-0.23027028762700827,1.2715197998492287,0.0
-0.7379437628498898,-0.5521403960363221,0.0
-1.2065068898625722,0.23535118614502068,0.0
1.6197734220541993,-0.35394448616983715,0.0
-1.0469211429284704,0.377316038689645,0.0
0.20217499249667276,-1.1343201904207587,0.0
0.39372350164240727,-1.1221980861489178,0.0
0.7310741634362493,-1.9735460552142237,0.0
0.6179984278974592,-1.3538944850843746,0.0
0.34204570422186653,1.5129751086183092,0.0
-0.6886109969468882,0.33861078672591866,0.0
-0.5468187145549398,-1.4263924899008806,0.0
0.16619764582201457,-0.20432661244838463,0.0
-0.25088759703031627,-0.3815186826141809,0.0
0.8566155741086041,-0.39352128486754584,0.0
0.2408317003977019,-2.739046782659068,0.0
-0.11346651171679185,-0.38517500635771457,0.0
1.3464381993424974,1.7667091395559495,0.0
-0.6337721219246282,-1.3370729943917041,0.0
0.8775104940998679,0.3756584880083348,0.0
-0.8376926496332774,-0.9251598965988579,0.0
-0.33274034770016925,1.3812202487609102,0.0
-0.7180046011766976,-0.11827861112098614,0.0
1.2080350191759706,2.594999985323631,0.0
-1.0205783738060765,0.5454692412597075,0.0
-0.7269353839034417,-1.1347214642920176,0.0
-0.6617965052741608,1.3246538399515622,0.0
0.4648893662637319,0.41163282980850463,0.0
0.8761091987978494,0.4934522074063234,0.0
0.7235674782133541,-0.27755910608270495,0.0
0.38147870783518295,-0.04315055851293909,0.0
-1.5930847401438621,-2.479980725484924,0.0
-0.254089266208366,1.6507803645112389,0.0
0.5388292817088087,-1.0748778250572368,0.0
-0.4797551097306247,0.9974093464259409,0.0
-0.5628791588448158,-1.091617143737548,0.0
0.7433839397028129,-1.6333513334157326,0.0
2.212292896264826,0.40267917823618066,0.0
-1.708381315452202,0.8308108115508182,0.0
-0.94148374521805,0.5426111729314814,0.0
1.820520949407368,0.291977835343445,0.0
-0.40219613257898396,-0.18255229357075894,0.0
-0.8650347737842163,-1.3189350268828508,0.0
0.1707883780630894,-0.8038016524518208,0.0
1.2323414113015594,-1.330433494066785,0.0
0.26676745715252836,-0.3181290971685391,0.0
-0.17486031234365648,0.3669917963753868,0.0
0.6894946199748683,0.6193741758421644,0.0
-0.6152611375488353,1.7359338916686031,0.0
-0.7908676296646278,0.8149183061154913,0.0
0.1644253208809363,-1.0318600159740086,0.0
0.9802686930859024,0.7694664090432034,0.0
1.8341030551825037,0.26442148217192135,0.0
0.04657883715607237,0.4137105003744078,0.0
0.05912987253064809,0.15291582679333363,0.0
0.05521907386821615,0.9226310712093077,0.0
-1.528080052375769,-1.5768610950135682,0.0
0.05483496444478809,-0.18628473329342027,0.0
0.9106016998164588,0.04977463260695947,0.0
0.4084810785342136,-0.556201462113928,0.0
0.31587609175227255,-0.8103547349011213,0.0
-0.021856838348112848,-0.5582105964200529,0.0
-0.25438741596778064,0.5365232850489607,0.0
-0.5514339073084782,1.0719707466584287,0.0
-0.390577437135066,0.15516408438235307,0.0
-0.7266393267295578,1.0082075544923204,0.0
-0.7397447315876291,-1.7215048357172242,0.0
0.1498065753226584,0.6383368845544916,0.0
-0.9287473935460194,-0.9013612008073234,0.0
-0.14142178268514322,0.4912033225049145,0.0
-1.2757762444620115,-0.4893312702165106,0.0
-1.0730694211167078,1.6395314475508997,0.0
-0.43393080981452575,-0.06774986414211147,0.0
0.005545815516568598,0.34289670205128453,0.0
-1.4783846784452241,-0.7376869726453466,0.0
-0.04951642377439622,-0.4994979301710931,0.0
0.5127008010704465,-1.3154233589182591,0.0
0.523831066049406,0.5291254348752065,0.0
-0.6859583624820598,0.6423754011464612,0.0
1.7405462128156362,0.10294575063920844,0.0
0.7240060269427746,1.2225385830940254,0.0
-0.8774055056792036,-0.37906284369942145,0.0
0.7372940390522135,-0.8926906891670218,0.0
-1.482083123884661,-1.5774276994534155,0.0
-0.47222050912716074,0.547919798332989,0.0
-0.3385378149144504,0.2656886846970093,0.0
0.0837690235964223,0.46466214324526245,0.0
0.5159811009220412,-0.1970366752264504,0.0
-1.0053707295486505,-0.7919131854738286,0.0
-0.6652550738848676,0.32697337894735695,0.0
2.008166563481717,1.261564456359564,0.0
-0.0799221858226044,-1.3722491281446787,0.0
2.4029630397686192,-0.7987832672088614,0.0
-0.41368052755617174,-1.0302707084193699,0.0
0.4507362937554765,0.8240299166333244,0.0
0.0035955355327348297,0.7068486765087741,0.0
-0.9793866547611294,0.4222620301139649,0.0
-0.40237406236196965,0.7763546819622685,0.0
-0.2531039858465616,0.6707823610581759,0.0
0.19696514054809264,0.5032427888145836,0.0
0.3002951784820543,-0.9844552277139318,0.0
-1.236186789047723,-0.7422262823916067,0.0
-2.1495619538582904,0.2535180188420612,0.0
-0.8174644289669658,-0.20671026946672558,0.0
0.249643416962027,-0.7029491559380592,0.0
1.0091784438798803,0.7903548443391916,0.0
1.7004021299231222,-0.19658825802076466,0.0
2.631958158703111,1.0863419825012255,0.0
0.28876070618082245,0.28050766770309266,0.0
1.7957655383836826,0.36785227205992227,0.0
-0.28793827898910856,-0.6085993529148852,0.0
0.6046138079007499,1.9742571180685629,0.0
0.4294915239645763,-0.9033999753328003,0.0
0.15112787315157525,0.5411505742149557,0.0
0.5647094450603639,0.2050121027208492,0.0
-1.6900140881744552,-0.05597084670422243,0.0
0.5585742564829561,3.132462608274005,0.0
-0.13200205106235904,0.8190679965489218,0.0
0.11077345633756788,1.9436721058019315,0.0
-0.030406061883687278,-0.7771190160267741,0.0
-0.9316946750496006,0.7111619177252152,0.0
-0.8433305494616158,0.5052711687995544,0.0
1.9724905643043615,0.17913925929242214,0.0
1.6060527573606596,1.2338358561723588,0.0
-0.6037476907287364,0.12770635789689094,0.0
-0.0723488141214616,-1.1393791118822145,0.0
-0.13804100483794834,-0.48834196663832036,0.0
0.7162268744812348,-0.6223622567443269,0.0
0.4054257489722344,-1.7578830939032097,0.0
1.5176530717569074,-1.248727703188537,0.0
0.16331358561245463,-1.4361609071440273,0.0
-0.821185118060991,0.2341313190175671,0.0
-0.1931696604822663,0.5755768800444544,0.0
-0.5878788371973661,-0.3593522164778545,0.0
-1.0497532035262294,2.135504945511547,0.0
0.35723799288870495,0.2306511495923493,0.0
0.4657225160273147,0.1688739818044268,0.0
0.20971585732092507,1.7514436517882426,0.0
0.8190206573072175,-0.6552718653357961,0.0
-0.24530905260390948,1.6115774814338366,0.0
1.031485556992136,0.1251751053886625,0.0
1.3684637821138608,-0.6500470423356185,0.0
-0.22192880477173127,-0.1500259402527968,0.0
-1.030230488145764,1.4937328634041669,0.0
0.9608306057191288,0.30360797654875704,0.0
-0.1537589712630782,-0.11871495239910927,0.0
1.1764491553137308,1.1839391236150358,0.0
-1.5522556634065325,0.30666382886314386,0.0
1.200824337239316,-0.4398493082686933,0.0
2.2739658871124373,-0.1967690055095426,0.0
-1.4762463924697797,1.1857523471716631,0.0
-0.5140735034997886,-0.2663772054465914,0.0
-0.7425578590560972,0.2635242513864605,0.0
-0.7521246456477226,0.567106999691106,0.0
0.48602103763621757,-0.9790605604413325,0.0
-0.653739865991267,-1.0756089780785913,0.0
0.8581831891730907,-0.2968548843802003,0.0
0.6977239422664381,-0.08527444460325949,0.0
0.4111439021784129,-0.041882907690469366,0.0
1.2321896566795099,-1.9906780065492444,0.0
0.2918173409768848,-1.5191627480756784,0.0
-0.18312880656561717,0.3824095433964019,0.0
-0.937408089748813,-1.2736167721576916,0.0
-1.3728263290533937,-0.6237679101605081,0.0
-0.19298228339492368,0.9825593603982917,0.0
-0.08405134274647244,-1.1574063169122069,0.0
2.190396606447771,1.4271381927776796,0.0
-0.9169652893906192,-0.3596000922792888,0.0
0.5015681407137095,0.8813020236039607,0.0
-0.8973200217269022,-1.3793789891176602,0.0
0.5176437373609448,0.8840172565455248,0.0
-0.5991310337147069,0.014147712893299897,0.0
-1.162105218368903,-0.46718448383500744,0.0
0.11375769362896192,0.9650753920494892,0.0
-0.7226863584825862,0.4208134599297382,0.0
-0.48300053880171684,-0.33195519419700426,0.0
1.6103158638133444,-0.3998443337876182,0.0
1.080703132656139,-0.2687820862806039,0.0
-0.18196223151848537,-0.10041011049414707,0.0
-1.322297997393438,1.9573756846741428,0.0
-1.3524736726487974,0.2875780026278179,0.0
-1.8841995527336735,0.12613746355405622,0.0
-0.30692728254519025,-0.5268164956718301,0.0
0.2588264763170833,0.022418184090512935,0.0
-0.14486036264829755,0.5388928841379546,0.0
0.9571882091534568,0.624116954706102,0.0
-0.4179461857300491,0.3653405719606575,0.0
0.6377054624522202,-1.3314935928235692,0.0
-1.246454475857437,1.1888992607933497,0.0
0.36781820242573054,-1.4727357407012498,0.0
-1.1236166582592724,-0.1358968925695899,0.0
-1.1409458944468502,0.38850857970441144,0.0
0.48835814424685164,-0.7501372127867042,0.0
-1.0139088277266601,0.45755515907948485,0.0
-1.5150451000395098,0.8450377340918481,0.0
0.03430559501459208,-0.8603665741887149,0.0
-0.39332983950892325,0.1527979571076619,0.0
-1.6527526054749189,-0.5644606564799856,0.0
-1.1071341403100674,-0.009566782313459645,0.0
0.050133298134139664,-0.5330763992324418,0.0
-0.05564572651376161,-2.045983428308846,0.0
0.6365281516339687,-0.8260005613105958,0.0
1.7553190192555528,1.43208323899297,0.0
0.36646299781366887,1.06555220145533,0.0
0.19666102260189494,0.5725681842872387,0.0
2.334959636068303,-1.2361313357725956,0.0
-0.09049820878124197,-1.0787547384960217,0.0
0.7980914899187579,1.352587837960963,0.0
1.5001976911051962,1.5131738721141796,0.0
0.9797854585680021,-0.6862957620370206,0.0
1.2754805251237704,-1.1518693385305359,0.0
0.424831720353141,0.2073926026460217,0.0
1.2351194992491759,1.0060665369483714,0.0
-0.2502350012702739,-1.6355958990490858,0.0
0.29521505411763765,-0.6967370468927165,0.0
-0.1969307480393166,-1.0217262565198002,0.0
-0.6340199217862074,-0.9987361603674153,0.0
-1.1300444280008157,-0.2471080012471,0.0
-0.3069338802491071,0.08946692877855061,0.0
-0.9063457567144245,-0.44249291098096094,0.0
1.1729661754270637,-0.30058851517211044,0.0
1.1312754486717884,1.1679331235783255,0.0
1.8223611540194402,-1.2864306008684867,0.0
0.33957907837470636,-1.8992511131982017,0.0
-0.6316968396943586,-0.7035223345444386,0.0
-0.3229490534296694,-1.1680407329271194,0.0
-0.6055232204504893,0.16326665439421936,0.0
-1.3293908677408355,-0.8573765095666088,0.0
0.12627871218368675,0.30639880456348817,0.0
-0.7928767142331086,-0.2618606517263165,0.0
1.7896477167214933,0.2643071463030871,0.0
-0.8444563147992933,-1.4184839677852144,0.0
-0.5069736596159035,-0.8212772037534833,0.0
1.3986430242401917,-0.45999351577254083,0.0
1.5582369958011864,-0.12796321450871273,0.0
0.7083824481083619,0.7321841939076552,0.0
0.026192003752637933,3.0251257570489614,0.0
0.3443678902045732,-1.1553168233493865,0.0
-1.0837072145443831,0.8732757367069435,0.0
-0.0012650224342418807,1.315913779732443,0.0
-1.1783419941167284,1.383013453906358,0.0
0.6492513099118499,-0.5835999007320678,0.0
0.10764837371170373,-0.21441056797990027,0.0
0.4418443906692867,-0.40148534475038494,0.0
0.1376138829461988,1.8575034834220907,0.0
-1.2732318004627328,-1.0309422768570593,0.0
1.918658770674982,-0.6101747438175535,0.0
-0.01738019580139887,0.6528303673925971,0.0
0.8101604859448494,0.7761438120638975,0.0
1.0594005975317742,0.8662835309731606,0.0
1.2687550000901595,1.498515978831775,0.0
0.3837178251757021,1.0946845456225565,0.0
1.53552538991319,0.7777408471144983,0.0
2.4963193359638374,-0.4020736719582529,0.0
0.9875582372042642,-0.8016911537994247,0.0
0.274868942748369,-0.08712347099208552,0.0
0.6978098220591857,-0.5507726472623237,0.0
-1.0788340503955545,1.3599990057556564,0.0
0.2185948894150014,-0.7644003670907482,0.0
-0.37092533285709406,0.8107411399105177,0.0
-0.31763062816301524,-0.07635178056512779,0.0
1.520240648291204,-0.020084261777200216,0.0
0.08583857873457369,1.7674455930567774,0.0
-0.024670746201209567,-1.287991164455931,0.0
-1.3559629526077543,-0.9351374293377609,0.0
0.49165391488119436,1.5382930142398212,0.0
0.5732701837005544,-1.9624556036957665,0.0
-0.18557837605766075,0.5770759447042102,0.0
0.6370538336373084,0.021733751097980963,0.0
0.6406579705421196,0.312424496068158,0.0
-1.8522473761890657,0.2111912881234348,0.0
-0.6009374208906526,0.5028845202182884,0.0
-0.5279802073873769,0.7508263409766888,0.0
-1.705738846396352,-0.9236826705932892,0.0
1.5560837115177628,2.3710859526373236,0.0
0.19061252889206537,0.7807606490467187,0.0
1.367295199819784,-1.1361444157612444,0.0
-2.7126831938405283,0.06859263878863162,0.0
0.12063273047365468,-1.291957914025321,0.0
-2.110366790636181,0.779306064602075,0.0
0.9835080425524142,0.061179173517804934,0.0
0.9680903422403844,0.12377063552374687,0.0
-1.6198007514551367,0.5391702835878022,0.0
-0.6152090529162857,0.9871733724411793,0.0
-0.06496300450403243,-0.7023427995976742,0.0
0.2415551911153999,0.21079244754582033,0.0
-1.3051814562373025,-0.26627087290215523,0.0
-0.9920732773581707,0.8078848679245915,0.0
-0.131390030482903,-1.350583309586066,0.0
0.8772792123323556,2.0674834567722025,0.0
-0.9828395418209367,0.6719252067370276,0.0
0.8908648502507542,0.011237151604016248,0.0
0.8081832959375231,0.9514668345943373,0.0
-0.18072507781298427,0.14848207598214289,0.0
1.5932853175496564,-1.8624761843125914,0.0
-0.23405579525227174,-1.3869610747738184,0.0
-1.7042650724434683,2.0103906844143347,0.0
-0.4944970578921254,-1.6053989679191871,0.0
0.016482249207715852,-0.6217244763330645,0.0
-0.4525909477004559,0.24025504012382948,0.0
-1.2242006340112035,1.4514371631141012,0.0
0.7337120519441396,1.0090815150846222,0.0
-0.21984374024624417,1.566494615846439,0.0
0.7252483165080392,0.931387204610659,0.0
-0.44571576101749977,0.8705795696675963,0.0
0.4659272489376275,-0.19255305916960316,0.0
-1.8331363958521278,-1.4115798878887338,0.0
0.38706617602054577,0.6718383297379612,0.0
-0.34823054335264353,2.077333751773443,0.0
-2.1557701338834017,-0.21721452469076968,0.0
0.5258617043374979,0.6463270946009858,0.0
-0.9179600287398718,0.4476641972222062,0.0
1.3502860715831748,0.23870241595406813,0.0
1.8509355612408736,-0.6860065924308107,0.0
0.2544706555134684,-0.1602240562697562,0.0
-0.8349935220741161,-1.019437562386458,0.0
-0.10623322962734084,0.5494246799689695,0.0
-0.7778259455844336,-0.45712216839892356,0.0
0.6337970042882483,0.7181805926676771,0.0
-0.1356498039029717,0.8414624957034682,0.0
-0.774179892313699,-1.110665203807787,0.0
0.349901314911797,-0.4361859596756033,0.0
-0.237251219490901,0.3135448342901202,0.0
2.072678990527932,1.1142570370329858,0.0
0.22062135930832372,-0.379723390276954,0.0
0.8493813356531027,0.3939562053226021,0.0
0.19065947318399923,-0.6949950438615878,0.0
0.1534496039688399,-0.9785732972690986,0.0
0.8497215914068036,1.805903910749615,0.0
0.8027683735579503,0.14327468747497885,0.0
-0.30285834353970825,-1.2360491554850213,0.0
0.0023604299980998435,-0.5978355271836713,0.0
-0.7204717962810797,-0.39705035785602266,0.0
0.9534303405282641,-0.44445666403201467,0.0
0.7558047804659836,-0.2601930645966541,0.0
-2.6147439429798065,1.7765461351050071,0.0
0.7705227852888372,1.0089774688171702,0.0
0.10394975871974776,1.2566114355306888,0.0
0.1647493063494739,0.1249097540792523,0.0
-0.347676103971864,-0.4569588574018648,0.0
1.9427331544434316,-0.7273769327023906,0.0
0.6162141091185943,-0.07138533562380549,0.0
-0.35398338734075435,1.914706218016338,0.0
0.1566217552792679,0.9976714982548845,0.0
0.4340461653766467,0.8116566454753862,0.0
0.1859985533052768,-0.39968721934095436,0.0
-0.24421204223965326,0.10550554460759852,0.0
0.9944022259329572,-0.24571354470117943,0.0
1.3046280235455197,0.4413065181662922,0.0
-0.32159754004634244,-0.947724469338489,0.0
0.3438425468972711,-1.3921671976426035,0.0
-0.73610037257454,-0.24646636298308344,0.0
-2.4315523122280065,0.7228341008097997,0.0
1.6211543275414457,-0.48224986394320885,0.0
-0.9989468365737956,-1.9468459036742467,0.0
0.061509541421517676,0.1181140499701316,0.0
0.7114209419724463,1.9129374667635048,0.0
0.5099253078292756,-2.0554058199423277,0.0
-0.3626111615278433,-0.5864759876035633,0.0
-0.3061458978473599,1.6617984709752704,0.0
0.936729488554627,0.3215945106169267,0.0
-0.10082257244502052,-0.169370791600326,0.0
-0.3197449027473421,-0.7549416552581037,0.0
0.11114820990023315,0.3832133378359155,0.0
-1.6265845862146284,0.01634889815975559,0.0
1.0338489936499535,-1.987332969791699,0.0
-0.64645748499448,-0.6295997522387503,0.0
0.0680481544066515,0.11588484079038472,0.0
-0.77980648550362,1.6788021916673703,0.0
-0.7958383133456866,1.3740898161550095,0.0
-0.8338336877870858,-1.791917208877056,0.0
-0.6614830587854371,0.3710837128126757,0.0
0.7388674608090878,-0.06358705901868354,0.0
-0.5863505091665274,1.6212782439603184,0.0
-0.29875591423900477,0.5351737817123641,0.0
-0.8234250313101162,0.2613201055358509,0.0
1.3755788377364917,2.485701638609728,0.0
0.552938491295301,-0.6441496061650432,0.0
0.028289762916877525,0.6589130646255605,0.0
2.687509402135906,1.3067151776568395,0.0
1.262416497004687,-0.9162770296300928,0.0
-1.768736072802849,0.16727923168958958,0.0
0.9016921541759043,0.4638454116344271,0.0
-2.1907899486893667,0.5415811753688943,0.0
1.1209821474489696,0.17856491282688627,0.0
1.5271630478697802,0.09476318134908929,0.0
-0.0995526628932874,-0.18742878150831485,0.0
0.3524929673209288,0.25531701098028653,0.0
-0.5647406850027485,-0.5893132986302747,0.0
1.165792910331409,-0.13625741754267837,0.0
0.3380272052036137,-0.7258490416836567,0.0
-1.0135490181935467,-0.5184606909227527,0.0
-0.5448264828802536,-0.2356441893714256,0.0
0.1476576977166742,2.2374527999035716,0.0
0.1346174633354701,-0.09305279387430315,0.0
-1.3260703737271613,-0.13018829775889296,0.0
-2.6184598712953324,-0.6553420901814517,0.0
-0.3247764634896838,0.1798268811264503,0.0
1.058177029104833,2.048803765351865,0.0
-2.941508870014773,0.5953184113224441,0.0
-0.5502394064688351,0.12264224192053154,0.0
1.0594406927579718,-0.12205403971302563,0.0
-1.6871383368011625,0.5384999250540877,0.0
0.2172164873914324,0.9084341499243292,0.0
0.993493575266246,1.0316271424294552,0.0
1.1180383485924963,-0.6739386535942905,0.0
1.5352880117843373,-0.24393435805495725,0.0
0.06946177764778438,-1.1039981522844902,0.0
-0.7547474661919027,-0.8675891679569241,0.0
-0.5215163931569811,0.058582169610119826,0.0
0.04968273353494602,-0.6813808968287905,0.0
0.9938727419547433,-0.3664573421319909,0.0
-0.4147127549010253,0.4821616805378405,0.0
1.0399214082693915,-0.1736009768942071,0.0
1.9181445581787413,1.7907528860146946,0.0
-2.313206292122768,-0.8806016910223915,0.0
-0.2698064717906312,0.3615773234629388,0.0
-0.2298455462195505,-1.1638779098114727,0.0
-0.3682719760577855,-0.36469419816214627,0.0
0.35006006424888175,-0.0807762016534244,0.0
0.5295294562805565,0.1484720674415161,0.0
1.9348520040964698,2.141156512767027,0.0
0.1515132998992439,-0.9481693102180025,0.0
0.4202031588324337,-0.9951177910774283,0.0
0.43624660417130456,-1.0587234873367621,0.0
0.832875391998921,-0.5743715738641914,0.0
-1.0400490095703767,0.8721070548424529,0.0
-3.0841482252703347,-0.8555431744832195,0.0
1.0131840533443828,-0.5787780821054419,0.0
1.770776907928962,0.8805403028062562,0.0
-0.15243915479201212,1.0473157842924206,0.0
0.8671474159568603,-0.24901898044079412,0.0
-0.07931804702164093,1.8129109118015314,0.0
3.018305392490449,0.5395732969979664,0.0
-1.2651551818508677,-0.6502485542053492,0.0
-0.40508237129510216,-0.12040121552206962,0.0
-0.9328457437490572,-0.9998845828478918,0.0
-0.41817923575077437,-0.8534522634903167,0.0
-0.6646407996954643,-0.6856984100420151,0.0
1.1440827925201957,1.3441755540265983,0.0
-0.1801378019645256,0.726841148231584,0.0
-0.7158536652013209,1.459158502767435,0.0
0.12927505632974504,-1.7339999321354846,0.0
1.12317160422749,0.3954523850244256,0.0
-1.8732629226522333,0.13638365634001653,0.0
-1.7011260356712983,-1.264224812046571,0.0
-0.09314003265395156,0.10278110645844264,0.0
-0.9036224130279681,-0.47290457171404904,0.0
0.6723660159477712,-0.7598262703877955,0.0
0.47089264564737254,0.21974647490416785,0.0
-0.7678512349719032,2.809167173036015,0.0
0.4783762861888634,-1.3934362792328845,0.0
0.45393583909949,1.0287649231924763,0.0
-0.12586105885011245,-1.5324908915685622,0.0
-1.1698154307639264,-0.9526944106218027,0.0
-0.7726557899784815,0.9588706628182585,0.0
-1.1343728231577468,-0.6900575011943539,0.0
-0.8940330488623475,1.444325551489692,0.0
-2.210872548540623,-0.1468360005202453,0.0
2.021074231964966,1.3838635106381074,0.0
1.0106552098355492,0.8110693206210602,0.0
-1.1210352068867906,0.8282902358242206,0.0
1.7550985318811496,1.4843331664047241,0.0
-0.1012286480585806,-0.07677536280208969,0.0
1.4596317790533395,-2.2259262410854017,0.0
-1.090831806617187,0.46805791199686536,0.0
0.6607872025500726,-0.23279345242256141,0.0
-1.3025820317966719,-0.08061774159562575,0.0
0.8649568848751739,1.0706762987470664,0.0
2.7379822757369423,1.0346240324037084,0.0
-0.6091786013995465,0.2925957599823232,0.0
-0.9839222321940891,0.16109399259814441,0.0
1.4743793994658874,-0.1509023239317109,0.0
0.43586435788960326,0.0329897866649678,0.0
-1.3723937309187528,-0.17108325891492848,0.0
0.36948171511801814,-0.3124917383284418,0.0
-2.956549720644411,-0.08758982951344647,0.0
-0.3710264529208196,0.27646877106762385,0.0
-0.19096338829024692,-0.1588709007127388,0.0
0.2901247500822171,0.40527277448870586,0.0
0.21694987858041867,-1.0149334252125222,0.0
0.7439875262097114,-1.1929572618657283,0.0
-0.035210909088546,0.05020521309951855,0.0
-0.38934446649698146,0.8852419897281446,0.0
-0.18235770673008508,-1.0570409977301536,0.0
-0.8678058998696458,-0.42044393239212197,0.0
0.7655897407169899,-0.6820626123133363,0.0
-2.129631168541919,0.37308489044609405,0.0
-0.009745500361219442,-0.6476248441067903,0.0
-1.2026418535824124,0.2094650643855699,0.0
1.1985674755032818,0.05002979257511605,0.0
-1.304973101954607,0.6236259207940245,0.0
-0.275907908315639,-0.2616742380238292,0.0
1.5488163021234014,0.046982082932243936,0.0
-0.11530954359989914,-0.31380597219490214,0.0
0.2902358102860877,-0.8777834216106678,0.0
1.2417923603805703,-0.34178866377115596,0.0
-1.2041061184364852,-1.2914596463407046,0.0
3.246232983715876,0.22070572340693623,0.0
0.253675478128961,1.0995070020707567,0.0
0.3557185592905867,-0.5257882116970648,0.0
0.05145186199669117,0.29193969279542203,0.0
0.6892435278381426,0.2570451406423129,0.0
-0.18698250183444481,-0.9697022199739684,0.0
-0.036764557917257724,-1.3730123891794532,0.0
-1.0696903765155534,-1.109926991194453,0.0
0.5305374735657779,-0.517892865026405,0.0
-0.12985500459104377,-0.3258459889547976,0.0
-1.0746701386601079,-0.009543718621435186,0.0
0.788383736650399,1.2974749317168197,0.0
0.575885243661709,0.10257423263882993,0.0
0.6372706565859894,-0.5533250145022153,0.0
1.2865686842346198,-0.7799475250418133,0.0
-2.3274089248693355,-1.3405171435258607,0.0
0.6198347441073863,-0.51752589283541,0.0
-1.7915044496447077,-2.350296482323837,0.0
1.893356822560644,-1.9343694264261173,0.0
-0.20052712404180972,-1.2896520963316047,0.0
-0.5774352601092533,0.40740437829186904,0.0
0.5724420081121149,1.3182011416943447,0.0
-0.25030990079902676,-1.5492135529865365,0.0
0.3757993104490059,-1.3799052447298341,0.0
1.2501337307417129,-0.43138858222062565,0.0
1.917217051231385,1.1967964756606078,0.0
-1.2573926368054895,-1.4384643186993717,0.0
-0.260037911190281,1.191747698944537,0.0
0.20339740374979473,-0.7609218819881055,0.0
0.8121844030694536,0.914645273967698,0.0
0.7198413116836833,0.19867104155170412,0.0
-2.157296670115629,-0.9809913232342584,0.0
0.34151796422921327,-1.121820782267308,0.0
-0.4359839798269193,0.6903508262516467,0.0
-1.251425005376881,1.0756720358889997,0.0
-0.1903487343758987,0.30597009556001836,0.0
0.38645016836558505,0.8132028214911784,0.0
-0.2484647529501764,-0.91636102976107,0.0
-2.3651418115592318,0.4315986415630653,0.0
1.79044896708661,0.13999672063496682,0.0
0.38154817361100307,0.48002083442592963,0.0
0.6404876553882882,-0.4469028262580118,0.0
2.283984062316524,-0.2778559448321497,0.0
0.3557994661407133,-2.1680494697355597,0.0
0.5942466276668392,0.8079016073010014,0.0
-1.4187938056494356,-0.8217709643898012,0.0
-0.8285379932754894,0.9689896015940423,0.0
-0.12166458458282779,0.21558119342847065,0.0
1.6400140096962619,0.3059563658703462,0.0
-2.304799239993768,0.6498180696549544,0.0
1.4284457107421111,-0.32166900045864305,0.0
-0.8597794127347845,0.6328093061498028,0.0
-0.9672615518601257,0.06290949988342535,0.0
-0.7485745299614486,0.2820308630139931,0.0
-1.4789260502190749,-0.4911804236348544,0.0
0.18915721729434934,1.1447271217568635,0.0
-0.9433352529762365,1.8695487978992402,0.0
-0.40102233931972275,1.6734048888126163,0.0
-0.21690328205906087,-0.75117290191924,0.0
-0.671295342610614,-0.7668230508839006,0.0
-1.1001052429991451,0.4201680839516534,0.0
-1.9794718407190761,1.0313027719659198,0.0
1.2723231718050325,1.1320168056556665,0.0
0.8811562710116779,-1.2639787526689463,0.0
-1.1274065036382497,0.15480496379224473,0.0
0.05166440423170751,-0.020284417038732346,0.0
1.726976162043093,0.7314679758737554,0.0
-1.6566853589567314,1.4528696645854196,0.0
-0.2645394012283787,1.1238795958560568,0.0
-0.7423328830129136,-0.6411149376159142,0.0
0.553261272913345,0.16751380385023742,0.0
-0.22864697063076095,-0.9178722833679986,0.0
-0.6225568891996943,0.9376744444812775,0.0
-0.6607392529995109,1.1869293009593171,0.0
-1.3310605204185026,-1.271583183101587,0.0
0.3923639933816135,-0.48966735171241893,0.0
-0.5583565435399107,0.36740825181056597,0.0
-1.0439693342662177,-0.25892349188869906,0.0
0.43484907881348,0.3989627675865866,0.0
0.2549211054265456,1.236551934668463,0.0
0.6873708809775122,0.7907884971677097,0.0
0.03367488403970421,-0.22306199444096442,0.0
-0.07527075811722499,-1.15776601715304,0.0
0.5644740665425204,-0.34738599498573985,0.0
1.0586348190024144,-0.6095001602561558,0.0
-0.007083720682267914,-1.129630255939178,0.0
0.6159294554487672,-1.3168111853626367,0.0
-0.3230954788917322,0.34978651855398935,0.0
-0.8859820334517375,1.645536359503664,0.0
0.09468252688365941,-1.7570884060553889,0.0
-1.022131305278269,0.1273922321566855,0.0
-1.7377461271825756,0.6517707224562864,0.0
0.16833924108734158,0.416463040676643,0.0
-0.04599435827587921,0.23540936886854233,0.0
-0.2707508889293826,-0.77267162050532,0.0
-0.2887764820525692,0.5177404026118029,0.0
0.5373896078259925,0.7293938399858778,0.0
0.8858644692833072,-0.6034278891042777,0.0
0.27136792421323674,-0.43646459678182625,0.0
-0.06481777151480582,0.5784281950460545,0.0
0.27933364086485996,-0.006491614274749273,0.0
2.5070311958684677,-2.1194429266194037,0.0
-0.23963323693216182,0.97492127973107,0.0
-0.48257742017363914,-0.41301640137538786,0.0
0.6586391969604906,-1.4832939807557575,0.0
-1.5031697833395137,-1.544084151667671,0.0
-3.1744676057250953,-0.8775244642466763,0.0
-0.3941576430576728,-1.8847134189886945,0.0
0.8548193147395243,-0.7765840253486535,0.0
0.6165396601559788,0.23284867984173818,0.0
0.4471931181892585,-0.9787345932651018,0.0
0.16669831957840514,2.27355793296664,0.0
-0.6508335280933772,1.5212881261097613,0.0
0.07342379975546526,0.1376693672196264,0.0
1.1235015054455673,-0.8467473132784681,0.0
1.5281602516585215,0.6001342003267811,0.0
-0.21898970265644604,-0.6992794979639115,0.0
-0.0636527488633848,0.1949445674715438,0.0
-0.2815402234657602,1.5849468269463562,0.0
0.09169671257326074,-0.4550574028935487,0.0
-0.13335835189556192,-0.10685214979411461,0.0
0.21040885528394526,1.0873143933906122,0.0
0.9245490762857382,1.8890432772071044,0.0
-0.4190686128423807,-0.7880131559372355,0.0
-0.7510783206343256,-0.8360409806045314,0.0
0.33260870187110675,-2.8688886682814556,0.0
0.10577328704958237,-1.6399255382823317,0.0
-1.8443143265197202,0.09169911063735692,0.0
-0.8233486790267611,-1.8429116356534814,0.0
0.2491683364878016,-1.3788718488809792,0.0
0.35709583520679955,0.39065997206639175,0.0
0.5060068655194767,0.31992480419361524,0.0
-0.43359498445317635,-0.7470255289925837,0.0
-0.20316180147291366,0.7932755422540398,0.0
1.0961004180004512,0.6795511403255032,0.0
0.7199915440134399,0.5759417457693081,0.0
-0.6948743056671537,-2.217567268702709,0.0
-0.5350072659324867,-2.1548412110515134,0.0
0.20605748947314864,1.26645027878531,0.0
-1.2084772562468802,1.205247755578484,0.0
-1.0435404268734347,-1.7205016615888284,0.0
0.23018973105980217,-0.3013162908585595,0.0
0.050077698495350334,0.3158329343094323,0.0
0.269734312449561,-1.822121503012364,0.0
-1.018081919986789,-0.06024082072777939,0.0
0.8337461810943496,1.7589815916377147,0.0
1.2843537193695131,1.1354361102281694,0.0
0.44414890675976737,-1.2314979108367319,0.0
-0.06566852238328279,-0.6379745593957442,0.0
1.2432852131645922,2.0632231030574157,0.0
-1.3204759188937656,0.8275493208093971,0.0
-0.6724341732271957,-0.3856182403624263,0.0
0.6629269947672424,-1.3976658501173147,0.0
0.5971639452472021,1.9089017149527383,0.0
0.7525108580188091,0.07982314447400032,0.0
-0.5240475869955801,-0.4253509568483525,0.0
2.2520776206006112,2.5799991245929865,0.0
1.3059582616490844,-1.0180268429837236,0.0
1.0127495048531048,0.6505806444842059,0.0
0.6270899095165222,0.7573555811479533,0.0
0.1917023893175901,0.9945317743897536,0.0
-1.358470122237271,-0.9542395957621639,0.0
-0.13516246489694272,1.2203765434551197,0.0
0.9336022123436517,-1.838595509984144,0.0
-0.23670130847637985,-1.0774530600798047,0.0
-0.3368228098548217,1.2965496150484508,0.0
-0.5564166975611776,0.875729570091033,0.0
-0.38946270703818325,-1.0436408116142373,0.0
0.9445845562998615,-0.6383187812030718,0.0
-0.2933284397643819,-2.3606755581059597,0.0
0.9472963225505403,0.09675660524324405,0.0
1.4817962379965606,-0.056487193485051226,0.0
0.17493429740459016,-0.869478566450713,0.0
-0.024171958503761568,0.12858403228927975,0.0
0.8718768446975704,-0.7764270616373166,0.0
-0.1783610489524714,0.185452433858796,0.0
-0.26375688852577445,-0.5223437585383218,0.0
0.0005413438856184524,1.9128917274301445,0.0
0.7649744101681938,-0.16191682877883978,0.0
-0.4487814416365012,0.3185046742862628,0.0
-0.033279616673117636,0.24439612763591495,0.0
-1.4278908423922312,0.5636161763332703,0.0
0.5475237688856026,-0.32467114980385736,0.0
-0.6930640468439944,0.5149033846337105,0.0
0.5325027140477696,-1.439032699740178,0.0
0.8722840584106669,0.9701664683382555,0.0
0.312156335223411,0.6820335619000603,0.0
0.0391516403894693,0.11344030621803039,0.0
0.08939444647465539,0.18835366287203978,0.0
-0.8773682856935625,0.578769405219464,0.0
0.6066820833411627,0.032832181633039186,0.0
-0.7644963003503116,0.1419696736858502,0.0
-0.8853892955246997,1.8269519924936888,0.0
0.40802701173628514,-0.4344180646457354,0.0
0.9542966225229057,-1.3965502902995137,0.0
-0.3446802831000314,0.2641641763568954,0.0
0.5113438529192345,-1.250016895367337,0.0
-1.4653033340936747,0.48250291205729484,0.0
-0.6941225400627294,-0.28425723430540256,0.0
2.8206273055717026,-0.27519393925415814,0.0
-0.0941041048152599,-1.365814977067569,0.0
-0.26223589381331736,-0.243783674449043,0.0
-1.4841292211132817,-0.674263519964453,0.0
-0.5146845187010285,-0.36249962200468305,0.0
2.6501759743078748,0.5831274693144602,0.0
-0.5682806008724007,0.8246815691438658,0.0
0.024141436270104424,-1.325218764296447,0.0
1.4778987674216648,-1.4759106496122099,0.0
0.8740712297341025,-0.027276125664476493,0.0
1.379349634292607,0.11698716405134443,0.0
1.4780761509194302,1.0725739908128809,0.0
1.4242366840458391,-0.599013158333146,0.0
-0.07151508652226087,0.4260553713008817,0.0
-0.7125912331498764,-1.2315798394287663,0.0
-1.6034632472530137,-0.7682848371204689,0.0
-1.0822381151846536,0.3638495034633993,0.0
-0.1555958402981008,0.17299818914771786,0.0
1.980319579560616,0.8781791563184257,0.0
0.008355774921545125,0.16919994709430417,0.0
1.0791917622398428,0.42892130699714975,0.0
-0.12727042958952564,-0.5457863657241191,0.0
0.6020528400202739,-1.4557478656998226,0.0
-2.0638370323193196,0.13702061140556884,0.0
-1.969204982706065,-0.36589142592413215,0.0
0.32463730270105445,0.5674820254852835,0.0
-1.7701210410388621,-0.6334946338948297,0.0
-1.0400398845831578,0.09459989076875269,0.0
1.2594713816874528,0.6093928663534162,0.0
0.355333574208983,-1.2055678778039507,0.0
-0.771362791545551,0.7767932648733121,0.0
-0.4157536054876686,-1.3510709394721718,0.0
1.6463028292931152,0.35987999562799,0.0
-1.7136343608282916,-2.1366024645267894,0.0
1.2345708814062608,-0.9942469337631342,0.0
-0.7735565576876582,-0.2921185785359427,0.0
1.5959938966879805,1.3657356996846441,0.0
0.8655730577430046,0.4161664845478176,0.0
0.9895945175638908,0.021612627116790097,0.0
-0.6701055830344219,1.0137771215755984,0.0
0.08555546150591782,0.13929060685516692,0.0
0.30150955096563836,-2.0199651959314266,0.0
-0.7429055973625587,-0.5761674944502939,0.0
0.6751410777083453,1.3683668504012263,0.0
-0.8042545622058443,1.8612403218947338,0.0
-1.341385643040249,1.3604206479334093,0.0
0.4527421986132075,10.84679852838971,1.0
0.5672409677118813,8.080122867623524,1.0
-1.4002458796350599,10.264318695582794,1.0
0.8425052966464892,10.726227905560197,1.0
1.3349657574604394,10.284061681339628,1.0
0.6999506491204032,9.198799958240087,1.0
-0.9846394691913887,9.988048428892244,1.0
-0.5661651269369088,9.89947579613753,1.0
3.762873095778714,9.399518249042018,1.0
0.4228030268028175,10.912423519304213,1.0
0.38648093933704175,9.091139826549584,1.0
-0.6751007840461589,11.263795849650803,1.0
0.16441464034147607,8.999308795229243,1.0
-1.6458458608867064,9.592666169580001,1.0
-0.15452966651389652,10.167708920743529,1.0
0.8983138215585825,10.17687784303382,1.0
0.8559392368465887,11.523002955478066,1.0
0.6461427966034011,10.22955591149513,1.0
-0.19289578559152296,9.958989141950441,1.0
1.1544402037276684,9.689408411355997,1.0
-0.7150348446443222,11.782002688533133,1.0
0.05811551085313474,8.09952448605407,1.0
-0.9401958202459637,9.527871159980942,1.0
0.019697223504712525,10.607062651181813,1.0
-1.311465276486723,10.154961272556152,1.0
0.8881134608084429,10.075611914495736,1.0
-0.9993185781351865,9.837146098729038,1.0
-0.5970474797203544,9.911754460497919,1.0
-1.3144848422024022,8.241478466146788,1.0
-1.3678111366158874,9.642757972120119,1.0
-0.9642287873484187,9.357958081043511,1.0
-1.1456507386491837,11.564505353358406,1.0
-0.11869759418872053,10.691706358354532,1.0
1.0438730373402687,9.019948113286182,1.0
1.6546244366667138,9.592332752342935,1.0
-0.3556605647723631,8.225647480342339,1.0
1.194087670269247,7.814563081480907,1.0
-0.3570298931399062,11.12851781616047,1.0
0.5731225153909716,10.197671210230023,1.0
-0.516776556318761,6.8368179005801,1.0
0.7433586551785903,10.304748232798381,1.0
-1.3575641336870967,10.880634833426345,1.0
-1.4004524056016967,11.308682481512877,1.0
-0.4822321177894233,9.11097328609516,1.0
0.5047184726709881,9.058310376463409,1.0
-1.2085247853620993,10.139272866055459,1.0
0.6468765686206764,9.702996749378034,1.0
1.6751082108609412,10.663466576294125,1.0
0.11009986099745907,9.043136101315444,1.0
-0.34565537047910677,8.60030774655654,1.0
-1.6651479924756176,10.227917955846818,1.0
1.0820785654834182,9.264161490237647,1.0
-0.7577011220203886,9.108422774106794,1.0
-1.6680809532245204,10.118198822735973,1.0
1.4510222601229086,10.711686937161183,1.0
-0.24301062548275432,11.758978476934676,1.0
-0.5969948303165465,10.182067255340522,1.0
-2.142496117711178,10.913974381688565,1.0
1.265662128505044,10.309590008354572,1.0
0.4834789347602838,10.913000545314006,1.0
-0.020005294356398726,10.665195162955834,1.0
-0.04181835349481049,10.174546033584821,1.0
0.2211627794919716,9.626222341666837,1.0
-0.005917320850041938,10.408926537556566,1.0
-2.305062944724731,9.528966236217585,1.0
0.4458159536097866,10.058892385512424,1.0
0.03682046214188784,8.973810058607194,1.0
0.45305882987529095,12.304040222676818,1.0
-1.6016615562536618,10.64513748997143,1.0
0.16038550064149232,9.40391523820957,1.0
-0.15978260510131218,11.083179440875577,1.0
0.12870116020352323,9.049461699369683,1.0
1.180692496619662,10.576815043298945,1.0
-1.9197943644695703,11.707858739979649,1.0
0.09827043652220273,11.48647585401492,1.0
-0.7833818357551174,9.713203459627435,1.0
-0.9110991798260103,8.922846453222943,1.0
0.6629882181952884,9.133693450509242,1.0
-1.1794047782709776,10.452458419345499,1.0
0.2479283665082771,10.917122823714747,1.0
0.12538087497297545,8.41572087434364,1.0
-0.25715728973217783,9.360131302850348,1.0
1.1123133029792434,8.850108232273701,1.0
1.8274073074517487,10.941444628884808,1.0
-1.645436651953915,9.666035013387534,1.0
1.463963182589177,9.77221576071217,1.0
-0.426652739039231,8.973349620799508,1.0
-0.2796743510806266,8.720585311304477,1.0
1.6166295345223924,10.732495651238148,1.0
-1.0873243525329452,8.857689881435725,1.0
-0.19819424625317048,10.814371624515562,1.0
-0.3373166669565801,10.733080889462453,1.0
-0.4925045715273115,11.127295593219285,1.0
-1.1488526496196387,10.372533938468221,1.0
0.15286839148568498,10.415717735327183,1.0
0.43093995250397893,10.256103783694837,1.0
0.5916836383025296,9.46753696573622,1.0
-0.42239509577354917,11.676011125276869,1.0
1.0376726152748466,8.084509462384572,1.0
1.0760026412723636,9.618190900287994,1.0
-0.33605313025390315,9.831784290846116,1.0
0.6214228473048493,9.059848176702417,1.0
-0.4004674943280564,10.863930685322964,1.0
-0.07894084304128889,9.499646946899027,1.0
-0.6720982466562854,10.801779274483444,1.0
1.0918656308548258,11.009288765639779,1.0
-1.449790547442584,9.435088778485394,1.0
-0.26567087132360184,8.089562922659043,1.0
2.114598444957817,9.724108536745943,1.0
-0.36183573914319184,9.445775775500852,1.0
0.5034671000280286,9.380089814473394,1.0
-0.1865909241193367,8.377164187695566,1.0
-0.9278681511762262,10.175407783892608,1.0
-0.41477605116470473,8.769869045622537,1.0
-1.7236820234439323,9.65177239170482,1.0
0.3968655272482961,9.983001617250398,1.0
0.4657885012574733,9.446718321388792,1.0
-0.5261300458433591,9.512365375096055,1.0
0.973238173371986,9.089131753496218,1.0
-1.002018763089369,9.23472060467846,1.0
-1.685910684907164,8.137882619541967,1.0
0.25477860628803134,10.578397457203263,1.0
0.21236141484905793,9.56556433448196,1.0
-1.1494313090403145,9.16015474691615,1.0
-0.7122660843396225,10.197298250362849,1.0
-1.4284150689727035,10.926257061951373,1.0
1.3730958652886487,11.645428126603399,1.0
1.033862890741755,10.718875217424005,1.0
1.429165386252709,9.780514207265966,1.0
-0.25453938464888465,9.339327862604534,1.0
-0.1285077839779342,9.47278958511989,1.0
-2.0061320331181998,9.122699174069686,1.0
0.31246948435299415,9.729423248907487,1.0
0.220539339373558,9.354598108014047,1.0
-1.377021098864964,10.789000006772486,1.0
-2.504406734640166,9.350679112506503,1.0
-0.16741803891757243,7.59918548899969,1.0
0.03867141105503016,10.31085658810377,1.0
-0.3858365961019543,9.53386975526079,1.0
1.7659449333338648,9.12916455364017,1.0
-2.154519550827506,9.597600557548715,1.0
-0.22082986287076634,10.377119300485429,1.0
-0.5969879277222311,10.463704105477635,1.0
-0.2739898785476193,10.129628100757852,1.0
1.2458589659129524,8.539040694539407,1.0
1.2371273883565146,10.887684288869357,1.0
-1.2473948715315382,9.278908375898036,1.0
-1.057417442765126,10.801050171123112,1.0
0.4702149622233332,10.608921948542909,1.0
2.224451315985857,9.354141654488775,1.0
-0.16607022572984462,8.998503529941711,1.0
-1.7560288581466779,8.620123453328917,1.0
1.6563262274616561,10.305159245358665,1.0
-0.47976285520918666,10.071628988651689,1.0
0.8244306268473264,10.731561076827731,1.0
-0.9692354831808844,10.288323831375347,1.0
-0.545707024879817,9.634156026456516,1.0
0.035238924325948516,9.00457698133519,1.0
-1.8418173825292796,12.64710893895041,1.0
-0.2000978192022479,12.53781342640941,1.0
0.47363456697008677,11.338699066816716,1.0
0.6209948370860091,8.401777954701975,1.0
-1.1513826815563633,12.228338972251514,1.0
-0.7263210478185818,9.709810624578719,1.0
-0.15976098127331262,12.257370967154023,1.0
0.0527698649780074,9.133926789889546,1.0
-1.0531190690571084,11.02539277867487,1.0
-0.6056424655624139,9.352454272735237,1.0
0.6553450186435715,8.700488017665394,1.0
1.9867714244208763,9.114712425202459,1.0
-1.0721431290295862,8.965452315595305,1.0
0.7794460957558619,9.09374094693648,1.0
-1.2846669465221912,10.249532470619998,1.0
0.6477476221221062,10.555866798162505,1.0
1.3233467510112025,10.17361512676251,1.0
0.13598906670690722,9.072751930247696,1.0
2.024077886472719,10.645959823322464,1.0
-0.349009112013119,11.268431782356783,1.0
0.8664673192657614,9.92068784667266,1.0
0.019862625648176944,10.221425452591099,1.0
0.40261976767097496,11.02778034553279,1.0
-1.2348172966185529,9.915450221262779,1.0
-0.7809121075186667,10.306627763724455,1.0
-2.1408735245175086,9.440941909151402,1.0
0.45555597762251365,9.34573898246892,1.0
2.5717923334050186,9.682815446070316,1.0
1.011773929126453,10.537075871180493,1.0
2.560872475622644,10.541381924052507,1.0
0.28763114800513756,10.280755623647241,1.0
-0.07331692811067743,9.718141121009255,1.0
-1.1670693253480515,12.030879340182794,1.0
-0.7651217415246784,10.518105608125873,1.0
0.7989549802178338,10.159696082888146,1.0
0.2538017612890354,8.615859338302606,1.0
-0.651002201499143,10.943655598606718,1.0
-1.1934702032671354,8.963462658952562,1.0
-0.6342862431164431,10.51990279428276,1.0
-1.1574612614006101,10.401876496869868,1.0
-0.34583196348882494,10.765588484359988,1.0
1.0224247375622024,10.657117795212093,1.0
-0.16244409100671098,10.295865460371843,1.0
-0.40069052057298493,9.022214734216721,1.0
-2.619480020962503,11.61835205430327,1.0
0.2460349297878831,9.577907167771814,1.0
0.04205109415271994,8.477054643125328,1.0
1.5791023646393076,10.80139690083208,1.0
-0.14386390385814563,10.626322563147005,1.0
0.4767882270042721,9.522119999939772,1.0
-1.0911239258688945,9.371167250467673,1.0
-0.49250557366622655,9.422327107598145,1.0
-0.6224609617401089,10.48969086626592,1.0
-0.38891192126657237,12.251682861396237,1.0
-0.6820460769065558,9.874680363477147,1.0
-0.5619861610053388,12.095854187808378,1.0
-0.00989036672388188,10.257014936512968,1.0
1.522696018861129,9.951959678589128,1.0
-0.07453039776693074,8.789421938178894,1.0
0.7069291367602739,9.583687384582024,1.0
0.8740289127569428,10.695130050921017,1.0
0.8600451531951393,9.976150848776088,1.0
-0.6547520627450946,10.090699856956183,1.0
0.7683433993769573,9.058520809280441,1.0
-0.8692055323395554,8.970583723101866,1.0
0.8156605094585544,9.521688063319784,1.0
-0.6368705030584986,9.897480973112335,1.0
-0.41880421190273204,11.241901564780674,1.0
0.8690100632623952,11.153795905099367,1.0
-0.6248916396198273,8.477346396242535,1.0
-0.30466109642866024,9.865843263606395,1.0
-1.5529597894060458,10.085853441656235,1.0
0.06126382755586188,10.363899492339764,1.0
-0.3578679280898695,10.31862588103847,1.0
-0.545806663629678,9.154364377029681,1.0
-0.11211048126777014,11.08145610073834,1.0
-1.4699420907594023,10.987267156059303,1.0
-0.20072872059965124,10.836566168833018,1.0
-0.8506303957956409,11.11193456988744,1.0
-0.9763869747714453,8.53065376042821,1.0
1.0545668073879424,9.459822589098062,1.0
2.176376936939953,10.766167200643233,1.0
0.22075722040179654,9.216669624608514,1.0
0.2934899458780099,9.623743508044054,1.0
0.25832831035229603,9.096132874463823,1.0
1.235888808602416,10.326977416166672,1.0
-0.423466893905273,11.641646102871931,1.0
0.7025858372219668,11.2207821677028,1.0
-0.0011002653054775018,10.22885413772857,1.0
-0.7292753412913385,10.182482000936623,1.0
1.9547513756468828,9.13717989985778,1.0
0.029591867357954656,12.130622164274152,1.0
-2.3542068985717326,10.027067736055413,1.0
-0.4016495879488825,9.589895765204774,1.0
-0.746657328380644,9.762767055834193,1.0
-0.4456193000680059,9.363145917687442,1.0
0.4720407007821815,9.086507465391325,1.0
1.1701370067831263,10.261219609723295,1.0
-1.2668004622404976,9.372914287073101,1.0
0.09576272762147474,9.98976490112883,1.0
-0.4141810642483251,12.735259776593184,1.0
0.15745051317616174,9.832763934783285,1.0
-0.8602276087938734,9.623351981345767,1.0
2.2361907689833957,11.263054001368312,1.0
-0.06351915151985976,10.215841355039938,1.0
1.086389643785181,9.614146382137303,1.0
1.0849949930127154,10.206790363681485,1.0
0.8904320670601629,8.659953079961621,1.0
-0.9030639677781329,8.565107090456772,1.0
0.6012882396796185,8.543767814033858,1.0
0.4569697046045887,10.384652323731311,1.0
-0.8383435977727718,10.404356997492318,1.0
-2.4262077647015787,10.699894500155802,1.0
-2.098660566971939,8.790177453893593,1.0
0.03777149821414299,11.248392087674224,1.0
0.6160273167321314,9.183740351391746,1.0
0.8581537151507345,10.349796608540755,1.0
-0.8015905797770223,10.28759577900502,1.0
-0.12893988185075544,10.115041934736427,1.0
0.0053590428828420005,10.388210098187844,1.0
-0.9745779460513424,11.453702697914766,1.0
0.8037554977599323,8.942514191181388,1.0
0.0015806844810427293,9.732799789895083,1.0
-1.0232752716067803,9.12032793019026,1.0
0.40154950586983545,10.092689354919496,1.0
0.17907381618450582,9.9253534970657,1.0
-0.306480486274818,8.073668727365122,1.0
1.4464794774174157,9.701898554031487,1.0
1.482519032943171,9.508564593697834,1.0
0.5882905520131908,10.96662756375255,1.0
2.441823124659876,10.839099376402064,1.0
-1.4168196498154504,11.534854699544825,1.0
-0.7366907027745664,9.752395518329223,1.0
-0.7352261034484198,9.852338540368889,1.0
0.36056539130434545,9.506803597476997,1.0
-1.1983643255604053,11.020442368742977,1.0
-0.9204755361976116,11.073778331744917,1.0
-0.4597998360079228,9.61011668322405,1.0
1.1184324292441885,9.522104089576173,1.0
-0.418160876250254,10.775004816922406,1.0
-0.49904788860879284,7.841418456249826,1.0
-0.14176697682298117,10.82247825352858,1.0
0.5103048680999093,8.739959855112588,1.0
-0.6089601589803512,10.149243692030055,1.0
-0.5259880749490456,8.83907130399729,1.0
0.19658469777648782,9.64563922260315,1.0
-0.13288534872994373,9.182664237967064,1.0
-1.2483020785060286,10.181219607776805,1.0
0.058596068974333615,10.37575860395609,1.0
-0.2816261480458611,8.710487109820384,1.0
0.28804397353394473,10.567193421833247,1.0
2.0914432222941457,10.198012709588143,1.0
0.924200423967431,10.453453673144281,1.0
0.2978263338016778,9.31045201616104,1.0
1.9121581067710895,9.394299929591584,1.0
0.13552658707872217,8.675239301644462,1.0
0.3752664239950371,8.798119149854148,1.0
1.0386884600502257,10.8564060457627,1.0
0.2937701937536038,9.785877664620273,1.0
0.04445958411965596,9.354805546016644,1.0
-1.3132891666926458,9.583111430433762,1.0
0.5325661527153307,9.48704987551202,1.0
1.0352299274622574,10.032612999042124,1.0
0.5784819569686858,9.930925356921053,1.0
0.11702237928062502,10.876314174024996,1.0
1.6647218949635256,11.165746604626976,1.0
0.4008491094185443,11.737170740234488,1.0
-0.2400334279249607,12.17092485910353,1.0
0.31847090999858485,9.755173139971395,1.0
-0.3776122482559328,9.377328662668969,1.0
-1.6331724686204083,10.5771328152705,1.0
1.3640328458454083,10.589931415935775,1.0
-1.2515850054521793,9.5610949562209,1.0
1.971063678110872,10.240007202371848,1.0
-0.648594262783891,9.713963166315274,1.0
-0.10914762667465737,9.169219192018502,1.0
1.1511375469885314,9.869739202719545,1.0
0.8317703150044713,10.742943766186649,1.0
0.44483175712725576,10.162178815205666,1.0
-1.9689785568885676,8.490606697309387,1.0
0.017524361741788678,9.676285601003006,1.0
-0.0458232623651292,9.467956377306429,1.0
-0.2588479068994391,8.811329069542571,1.0
-1.8276024782203106,10.331851661454218,1.0
-0.4873047217456409,9.533674970771779,1.0
0.4984085848083185,7.615542944365414,1.0
0.4335062459928237,11.759282973700008,1.0
0.5001133424956379,10.052313248600345,1.0
-0.6063829142048334,11.802700065878097,1.0
0.03703862791744923,8.111962378681309,1.0
0.9088004539045524,8.58764315168591,1.0
0.4719684479199444,9.58864359986441,1.0
-2.36414408797215,10.19418512468897,1.0
-0.1491164561889029,8.968267560875685,1.0
0.6803549229936485,10.382928391637142,1.0
0.699019837299356,10.133480783900332,1.0
0.29050153001523005,10.761181455354917,1.0
-0.7330169058329249,9.36178062058693,1.0
-0.015946534845449625,10.714486385599626,1.0
2.0942892174796093,11.241111030325554,1.0
0.02397438360535199,10.881063463576623,1.0
0.2940050312260324,9.355373484663042,1.0
0.32891243881909676,9.022549059715061,1.0
-0.8894017894930587,10.235445480729773,1.0
0.8566499471888195,10.542102153893033,1.0
-0.683871252753241,10.393943761452848,1.0
1.3216677496157603,10.192850090143855,1.0
1.587943307734133,11.226531775359796,1.0
-0.5546507347792035,10.929923853821869,1.0
0.7744182993385359,9.510136186098903,1.0
0.4700869491880757,10.588142636783045,1.0
0.7230482726164779,9.834983052337213,1.0
-0.26338552741291,10.74627102348469,1.0
0.09154481356792125,9.749238808464444,1.0
-0.8124191760305111,10.750290918216878,1.0
-1.7210891911929018,9.473218494454418,1.0
-0.332679270021349,9.763408553910692,1.0
-0.6525735224857753,8.719547170777371,1.0
-0.4476284892174193,9.469112781574523,1.0
-0.021897425631311355,9.152618868589544,1.0
-0.44772452184697026,10.321121445124986,1.0
0.2774148021556852,8.320020932086173,1.0
-1.079744444112965,10.348427729394041,1.0
-0.37309928044750085,8.55512641708417,1.0
-0.30261553669812263,9.730595946407789,1.0
-1.2677922233217596,10.236897346730323,1.0
-0.056129848147060075,9.228673576025702,1.0
0.7977852430360907,8.264838423958125,1.0
1.0624882280448464,8.060310623847068,1.0
-0.4199197429992428,9.622143644575841,1.0
1.1761992111043962,11.306068733606837,1.0
0.2489550559953879,10.906555344008435,1.0
0.1788539229915953,9.174643751706206,1.0
-0.2756463390636028,11.527413137971715,1.0
-1.021624014792125,8.537447490491287,1.0
-0.2451123127427159,10.241963214889047,1.0
-0.9510968370962437,8.18491175905917,1.0
-1.116139566178517,10.605704632933584,1.0
-0.40206606778209164,9.16546575600549,1.0
0.2966639682405987,8.436010269756272,1.0
0.9672548775778308,10.292287230880065,1.0
0.2783463503212263,9.389013369995972,1.0
-0.9190885861431511,9.11144090707222,1.0
-0.19522256498038232,7.8838599126792275,1.0
-0.9777017440409504,9.115846566563356,1.0
0.19286653869342194,8.633027350623207,1.0
0.1858351594180572,11.834265941576394,1.0
-0.11299041892273325,10.185695637867447,1.0
1.2229831845823913,9.927081052537766,1.0
-0.05886465935512914,9.599643864814063,1.0
2.669760263331359,10.13626984184863,1.0
1.1753539277407221,10.220840448355963,1.0
-1.952124563873581,9.555068797071185,1.0
0.34293680743934707,9.035566793282658,1.0
1.0753494041519462,11.433859804378864,1.0
3.1633085220638435,9.347213679334697,1.0
0.3594479725209695,8.885679274476168,1.0
0.6503293303679771,10.035321846884292,1.0
0.35996144609435443,9.670703438874757,1.0
0.2254438085011803,10.372700465686128,1.0
-0.293649532670119,8.851494690667066,1.0
-0.2004019593283151,11.235942941442389,1.0
-2.2505776601929344,10.107246017831358,1.0
-0.7919280027522569,11.124390445739467,1.0
0.05324155651755368,9.781536827486672,1.0
-0.3140328130134478,12.894274577277773,1.0
-0.34313549545472033,10.496381480993362,1.0
1.365586478933732,11.059280613441087,1.0
0.14856684422422156,9.98594726031015,1.0
-0.10888699993676558,8.232887117217338,1.0
-0.32612192792527267,10.238189316270212,1.0
-0.8495353743329875,9.730368170125393,1.0
-0.6938578546797831,9.401833912469607,1.0
1.0563886459504994,10.8240121278446,1.0
1.1269154682183797,10.213813030093679,1.0
0.9847711603058711,8.375686832824922,1.0
-0.6466708183815635,10.842716101623408,1.0
-0.40671565897110756,10.300941409140497,1.0
-1.0251936528763306,9.820208188663052,1.0
-0.924952462732362,10.656098430003569,1.0
-1.57900161589082,11.33203364371479,1.0
1.0413813472293019,10.294356558557224,1.0
0.3804702779860964,8.533242641932834,1.0
-0.21622567954859506,9.403122961503879,1.0
-1.5581094432483102,9.59028060884209,1.0
0.9722066912776721,11.902783334750143,1.0
-0.29287651053868147,7.878636133240874,1.0
-0.20492098146897975,10.788566468623408,1.0
-0.20156153452351794,8.781959060676758,1.0
0.013536003775663647,10.894650529551734,1.0
0.8569118913934956,10.289776829603035,1.0
-1.2446370833911005,9.767879263797766,1.0
0.8014871979998917,10.201333787443597,1.0
0.5327419181418047,8.771670871474395,1.0
1.5720637513791138,11.039618327572523,1.0
-0.5782107357662502,10.305660569868376,1.0
-0.04755924428044455,9.781896277022863,1.0
0.7840360714927734,10.522520187932841,1.0
0.1908736219707934,9.043879941280508,1.0
-0.41900114704846547,11.335442193564575,1.0
2.4223467141815704,10.373009416244974,1.0
-1.2090500121299588,10.25720815237754,1.0
1.077991155692851,9.903197900261219,1.0
1.7349146023880366,10.409623985643888,1.0
-0.5056096430910341,11.085553473463012,1.0
2.237945257770448,9.715690957054452,1.0
1.7013344507060821,11.152720250552905,1.0
0.04950804276597559,9.442973879091182,1.0
0.27298412063651734,9.923515952934181,1.0
-0.011951733817696009,11.149689920369799,1.0
-0.40099798673816484,9.841530806577028,1.0
-0.6429742130562996,10.918663949714396,1.0
2.0495383453389544,9.264582251458028,1.0
-1.2151670347874608,11.446626910171346,1.0
1.679072700278118,10.07150317955523,1.0
0.9262601458772344,9.052227040330305,1.0
2.6435492594217664,8.516816917544016,1.0
-0.5771631517144526,8.943385299216459,1.0
-1.994790251658605,10.70143359360138,1.0
-0.8391056224702839,10.524183588104526,1.0
-2.1870346324158265,10.1757262117433,1.0
-1.59598227277012,10.516793452731191,1.0
-0.926181768851846,10.3876009124224,1.0
-0.7235957436837087,10.031122509713448,1.0
0.3673406957431364,10.611569066135909,1.0
1.7152332509006716,10.162157313485348,1.0
0.6103837247482122,10.481917211054112,1.0
1.043402830613599,8.170244483543131,1.0
0.32340010708525385,10.622327968537393,1.0
0.6228862415904257,9.12473565799118,1.0
0.1137097740461477,10.954840937064617,1.0
0.904604358489581,9.82311173734149,1.0
-1.340444954702619,8.70474620404521,1.0
0.825896589694549,11.141001005561522,1.0
-0.8636580785430745,8.336621019089128,1.0
0.7473154682054933,9.39571740807495,1.0
-0.47552759390280247,7.695771858089607,1.0
-1.4919869319607875,10.576725995051827,1.0
0.8995494308546752,9.344171892562184,1.0
-0.4930119615291882,8.979862916225539,1.0
-0.7580602992074014,8.651342365838907,1.0
-0.5421073518902353,10.305288986419978,1.0
1.35058536331232,11.9543298207849,1.0
0.84797654749321,9.741229651415452,1.0
-0.3862035240237855,9.839087615359295,1.0
-0.3571842775529831,10.186883414568365,1.0
-2.6873737433355718,10.482133869109369,1.0
-0.4468908860410121,9.848430816571716,1.0
0.1599933369357304,9.94083940093832,1.0
1.2634253557537507,10.092964054107789,1.0
-1.024028502359455,10.72419626978052,1.0
-1.493053191680854,10.443353515566047,1.0
-0.11534627757834695,7.63901681852305,1.0
-0.022607026032263996,9.749288062810836,1.0
-1.3394333421950988,9.706485157079381,1.0
-0.6326057817323298,10.477867824505472,1.0
0.7565676603855219,11.127967001454705,1.0
-0.8933160860137053,9.359635799315797,1.0
-0.6811081365857233,10.657791552490533,1.0
-0.05414767196872709,10.516819997790684,1.0
-0.41498113935322767,10.200844593847645,1.0
1.5423048166896296,9.156580510625725,1.0
1.1459012936080135,10.002104661376725,1.0
-0.17151984446861382,8.601514897351889,1.0
-0.46843930184397214,9.396116636411337,1.0
-0.6509408612128593,9.450155921626921,1.0
-0.5405634366300931,11.071929284247709,1.0
-1.0294654038521998,10.945757383574227,1.0
0.5344772510357447,9.05466462382419,1.0
-0.13548639777001603,8.156996822453294,1.0
0.44131301156841635,10.19190423891713,1.0
-0.556498334789678,10.699027559663364,1.0
-1.9249684865728134,10.571100936224061,1.0
-1.5598436999279595,8.779362793137237,1.0
1.445504741406564,11.66229837942454,1.0
1.11856828988883,8.447006413969694,1.0
2.4278800669085183,10.128124868108737,1.0
1.2576815320477743,9.905545879584055,1.0
-1.3982324442508736,11.221578790094895,1.0
-1.5842316787283295,10.046209346512473,1.0
0.9861794234857625,10.570024020009258,1.0
-1.2550824232253357,9.406285552354557,1.0
0.5628109250012224,9.593372830171575,1.0
1.3008570969325293,10.609357108385481,1.0
-0.6793275898577542,9.930849128717028,1.0
-0.4396837713744319,10.64186388868875,1.0
1.1888624204577605,8.269136127746107,1.0
0.8166424205784114,10.492533502588541,1.0
1.0775868701687703,10.156765484734239,1.0
-1.1835241105107783,10.697885685825657,1.0
-0.8463374414217744,10.027370518824258,1.0
0.11326559516271356,10.213826759958023,1.0
-0.3175634513221366,11.533427705765147,1.0
0.353789296296204,10.081753680297268,1.0
2.0358861003252895,8.859045196656504,1.0
-0.16347212319633037,10.242665671679317,1.0
-1.6957204852028,9.92919924473663,1.0
-0.7304131602622503,9.634809404561418,1.0
1.5598927408522647,9.486472693397848,1.0
0.4187587190773581,9.40752102657531,1.0
0.397241318615561,10.267677676709367,1.0
-0.04364190680126021,10.217128764305949,1.0
-0.34585759126780924,11.28838064988077,1.0
-1.171297361932589,9.5613865980214,1.0
-0.3554575317000659,10.098351440225613,1.0
-1.9885528365483334,11.304536092222648,1.0
-0.8182068016562564,8.636206904977445,1.0
1.094611115565566,10.841726549702356,1.0
-0.19431479524782383,9.401484450906677,1.0
-1.826470223127871,10.342815255440577,1.0
0.911746153981499,8.994195517687823,1.0
0.1995422713616569,10.88909943571141,1.0
0.7804401943815478,9.855054382071149,1.0
-0.7205299227543568,9.271801965664295,1.0
1.1284430453587353,10.39000553301618,1.0
0.6914118014671835,10.166565592671747,1.0
-0.3367029521487097,10.279435816275555,1.0
0.18528160003571018,10.918404257506944,1.0
0.44389144059409763,10.441823036510334,1.0
-0.39145796904407076,9.435335883916892,1.0
-0.013679933121331747,9.08761404382556,1.0
-1.203750094774451,10.696069779566226,1.0
-0.20701068821651683,9.920784337087921,1.0
0.08359490049869059,9.643882685724993,1.0
3.216472146032714,11.533242690369857,1.0
-0.2736984047443066,10.568307329565291,1.0
0.638937861517401,9.377936319218485,1.0
-0.23604489455386793,9.981062320115708,1.0
0.7416530920509569,9.974476643198507,1.0
0.8156021904458925,10.594785478830765,1.0
-1.0781904513590845,11.221278994598736,1.0
-1.5254904608576334,9.932541048158475,1.0
-1.117499822248705,8.68896105736278,1.0
0.4113315172130696,11.048082183929221,1.0
1.0893003431548653,8.922708928192499,1.0
1.075142581041012,11.523067254595098,1.0
0.20753521552531348,10.108160950505937,1.0
1.6583342052123369,8.78050548704201,1.0
-0.32572362455740966,9.710606705404455,1.0
0.0343276094621883,12.030338101905894,1.0
-0.8154391513363853,9.848387930403252,1.0
1.721530208540869,9.522046485875498,1.0
0.18825184639965512,8.354815456682715,1.0
-0.3551249162385589,10.335602075432448,1.0
0.5668382668534901,9.807119562813458,1.0
0.6243942831018516,10.413925675569795,1.0
1.1844799804687407,9.339176653725579,1.0
-0.6439706454334035,10.2260665347323,1.0
-0.24279592777125578,9.011987644839413,1.0
-0.5190164966766987,9.426362587509079,1.0
0.8777004414668967,10.94240926611379,1.0
1.066695845997887,8.569168289277798,1.0
0.492958837255646,11.039666483450597,1.0
1.1071019233252828,8.526819251502738,1.0
-0.38492803511100765,9.588604688693044,1.0
-1.4557176576730826,9.174698994133985,1.0
0.6453921763954019,10.515011750950201,1.0
-0.8356774317126155,10.805039884692853,1.0
1.2358064545719718,11.210718627160343,1.0
-1.3631427290691187,11.165212422980892,1.0
0.4281389211723849,9.461421283631159,1.0
-1.5150033699619485,10.274047956148667,1.0
-0.004780472655460277,9.240311469507153,1.0
1.4964522158771263,11.428068791486664,1.0
0.9210828597694183,9.41022876778718,1.0
-0.9708463651391481,10.59165333383704,1.0
1.4268533074435419,7.57472635338334,1.0
-0.25721890666552877,11.235888942045587,1.0
0.5198863809098984,10.370105941017583,1.0
1.5693743892624763,9.841837772695678,1.0
-2.1133600239430628,10.478351138451705,1.0
-0.04349634950005847,9.106259405709212,1.0
0.8536590621615459,10.604383798715762,1.0
1.3837134231924928,9.746263858849705,1.0
1.4253170932731642,10.874155887918329,1.0
-0.7516453540652778,9.233582142670063,1.0
0.9888412737425981,9.277752154464427,1.0
2.382608474470744,9.765162522730668,1.0
0.7096267235802125,8.899232755977545,1.0
-1.3362997890476411,10.632292977753794,1.0
-0.9345674232266203,10.851815353673082,1.0
-0.12799791767829868,10.361775627077094,1.0
-0.0865006970957728,11.695768195618816,1.0
1.3135228274367226,10.686186012965354,1.0
0.03875767163519734,10.53875215402474,1.0
1.4236159155415837,9.675800907292935,1.0
1.6217589280177163,11.027432010333511,1.0
-0.9001563065189605,11.818999115383251,1.0
-1.5720459965838063,8.586092017960071,1.0
0.3531338678017758,9.57339301516396,1.0
0.8687051232965433,10.013115272104056,1.0
0.04075032901550334,9.902648027244984,1.0
-0.17552221679130806,9.125581568927393,1.0
0.30526384275130436,10.51901775137992,1.0
0.9148770815966842,11.679802932573502,1.0
-0.697700438815166,8.914989984905445,1.0
-0.7327116019460332,10.09704174860761,1.0
-1.4031832821440315,11.514023960845902,1.0
-0.23163582374183359,11.66766144418495,1.0
-1.1918911472739078,10.032224835459967,1.0
-0.45388166730741747,10.738134385359682,1.0
0.27945871205324013,10.318456209496171,1.0
0.11855059524056077,9.867869330763618,1.0
-1.0411091515628823,9.418451357104413,1.0
-1.8842138904038637,10.19746054494846,1.0
1.8886493140378688,10.189182399063503,1.0
-0.6666222738272989,9.734335233176306,1.0
0.3547264485198092,11.011452391659944,1.0
-0.01249794083277057,10.9833791105443,1.0
-0.023704687714404756,8.418731039548302,1.0
1.0974950503665735,9.40025679767467,1.0
1.2851482462507566,8.218407921538732,1.0
0.5930061122628721,10.834122120759965,1.0
0.31160455600843306,9.494303274404594,1.0
-0.02705906226177121,10.477918882724854,1.0
0.5805592821838828,11.64813923828677,1.0
-0.7111396694610419,8.206803968200287,1.0
0.22054501862019937,9.282056138591578,1.0
-0.38597468324484674,8.021288565497265,1.0
0.5837876061331803,10.892165890646622,1.0
-1.1240003922550807,9.753166634115505,1.0
1.1916867366931878,8.364712392598292,1.0
1.9582348865956531,10.412266774398512,1.0
-1.4521357729585127,10.817577162208503,1.0
-0.18882168659683582,10.73857555725912,1.0
0.057015313422218335,10.405937566632772,1.0
-0.57323214054506,10.215105530915789,1.0
2.589227828582615,8.81413298873165,1.0
0.7736856343512731,9.173755082227036,1.0
-0.7291542166084112,10.004641412999682,1.0
0.9930543294462731,8.749017864051549,1.0
0.5138467054492222,9.845847356533643,1.0
0.538387807285083,11.100068141275624,1.0
1.4528480562541128,9.98116696508595,1.0
-0.47854362951154045,8.409822071329346,1.0
0.009349716201062574,8.404021479142678,1.0
-1.4083833625989317,11.434570480840684,1.0
0.6626058744819917,8.863976945327458,1.0
-1.1016615318070335,11.161261152642442,1.0
1.0368791069976806,8.841597409101176,1.0
0.685645003752997,10.181317550547925,1.0
-0.8862399222268528,8.869976949811527,1.0
0.8853530154742282,9.369143851703802,1.0
-0.1780126936433148,10.809792547145234,1.0
0.37097932858402055,9.610280736184995,1.0
1.5831547062455744,11.268678434334875,1.0
-0.7497386298704375,8.523587936504219,1.0
-0.4513548462728,11.203801456228645,1.0
0.3730125248877389,10.32969582343352,1.0
-0.5642034391284914,10.460373375083334,1.0
-0.897848539196703,10.503052418925812,1.0
-0.334004047630896,10.047022366418538,1.0
-0.971128643071092,9.825998220846968,1.0
1.028158748551518,10.206112412341763,1.0
-0.8910587711365001,11.208170816816612,1.0
1.0589251621814642,10.134828955059259,1.0
-0.5745921655975657,9.010518503143471,1.0
0.13992295156434678,10.229925245856911,1.0
0.8259627596140479,10.005587570301483,1.0
0.5369919756571063,10.246740622230456,1.0
-1.2835727300985278,10.41422346358643,1.0
0.7266468923177952,9.867845516562653,1.0
-1.591593407741982,10.221414563750335,1.0
-0.11606359617885777,11.138609785042,1.0
0.36758723514544867,8.366312821012771,1.0
-1.3883444279918393,9.91033490598278,1.0
-1.2043249662500464,10.676006886406018,1.0
0.21656796693941982,11.858820060842634,1.0
1.114889470821388,10.566769471459642,1.0
0.4694840945206828,9.256705236841919,1.0
0.4821737827716986,8.957509159437025,1.0
-2.107668116219782,10.882155455612425,1.0
0.9094978450823555,8.946055990690503,1.0
0.04229508155841582,10.407149982867892,1.0
-1.5370131785195855,10.044145416627588,1.0
0.8110549569946578,11.269397640047124,1.0
-0.8908491560535989,10.430374326518587,1.0
0.22617840999881458,9.08277416520481,1.0
-0.8768663290335885,9.247989811313724,1.0
0.48902524289388316,10.658988307337134,1.0
0.07085462587209734,9.79024469738322,1.0
0.579473557708764,10.664118979122247,1.0
0.17770010481062215,9.558489171079135,1.0
0.6128500606697969,9.64860801554992,1.0
-0.9960884224067883,11.377602196316285,1.0
0.7060087271832225,11.268116207676867,1.0
0.013520695935936375,8.799710240193022,1.0
1.1733396629408264,10.42802768184683,1.0
-0.5982251673552461,9.014151634995208,1.0
0.08688294266034119,10.579137371889432,1.0
1.1892141585014602,10.679925207061766,1.0
0.7452919183683347,8.667262228060002,1.0
-1.5429851985771725,11.594820715604902,1.0
1.4740476281263537,7.481433592067267,1.0
0.13280678929780762,10.066657070130391,1.0
0.23982771705146871,10.01458841480957,1.0
-0.3333176840765828,10.815843800590716,1.0
-0.9893022496285327,10.820719555111726,1.0
-0.4131194252348222,10.206435576103988,1.0
0.6910689056034661,9.34660735546917,1.0
0.004130725583869178,8.038452548322635,1.0
-0.3017771147159591,10.233004304368478,1.0
-2.98400804287871,10.340934364104992,1.0
0.3918808849736267,11.657500046513368,1.0
-0.6159376080244051,11.306275380582738,1.0
0.07456143555453018,10.205315559111368,1.0
-1.665467965948609,9.23356173268063,1.0
-0.12992207162853614,10.498883380213323,1.0
0.5654571162860637,8.87079241092618,1.0
-0.7516966248441488,9.854058505904558,1.0
1.65556995172606,9.651080733533218,1.0
0.389303505454887,10.636404336353845,1.0
-0.28864843483352964,8.776729468081161,1.0
0.8294487763940267,10.745995683054531,1.0
0.004703269760138879,9.946967494316736,1.0
-0.8654502924036837,8.932536864682678,1.0
-1.024680034134178,8.48205407827693,1.0
-1.7250113165638727,9.615317500021265,1.0
-0.14317894941419185,9.1241962618512,1.0
0.42894671501489134,10.6927322983803,1.0
-2.0502760773004334,10.736273463876445,1.0
-1.9753507561129269,8.751790248756347,1.0
-0.45582430472660723,8.71825405788568,1.0
0.30525092185898195,10.46213822912217,1.0
-0.03475435175018988,9.583990183243147,1.0
-1.0006404356431333,10.83973949270202,1.0
-1.556331424282868,12.759791016783112,1.0
-1.1221287721975972,9.234629005945367,1.0
0.9574441895999793,8.814385413068656,1.0
-0.8538890935083223,10.258155261478384,1.0
-1.0186778436149446,9.169281492700078,1.0
-0.401027794225148,11.737547569453854,1.0
-0.3094356837340168,11.186357388364716,1.0
-1.2926668622833963,11.510377135865266,1.0
0.6467149101085825,10.737854051881408,1.0
0.30557270348907306,8.684722153653476,1.0
-0.6769040193126089,9.313100496187007,1.0
0.7563551764644049,7.785660015583504,1.0
0.5255105947130159,10.207618649700938,1.0
0.18307268919515715,10.983515453938118,1.0
-0.47686830076689307,10.582274668226114,1.0
-1.7300749967361342,9.0660903031432,1.0
0.5607235072708481,10.63451610439578,1.0
0.6281608457901657,8.579645804625848,1.0
-0.700777403741234,9.806215934613242,1.0
-0.25208750072258174,9.31076529007141,1.0
-0.10856848847602502,9.209849015152681,1.0
0.3510393824333304,8.850724385418166,1.0
0.06683169033758062,9.672861986817,1.0
-0.7368154843330612,9.542314227197188,1.0
1.1853251865349952,8.934299874931783,1.0
1.5386473364613493,9.757333604576852,1.0
0.6149427543318763,9.364595818417374,1.0
0.2490761850897015,9.79826331899977,1.0
-0.02780059943867479,9.520157436070024,1.0
-0.07097699918737259,10.973666537924796,1.0
1.263501267228832,10.566759244388535,1.0
-0.4771172445537947,9.107164322623102,1.0
-0.18142594131444958,10.996968827819726,1.0
0.2662258446639363,9.68923899240221,1.0
-0.4450143318477608,10.674852467872126,1.0
0.12718749006586783,9.225140280537945,1.0
2.117523477285582,8.325126088437656,1.0
-0.5996574210085946,8.296267081172354,1.0
-0.5415903025619717,9.76401849336739,1.0
-0.4716056033646565,9.112438549037693,1.0
0.7640216383363353,8.713888806360714,1.0
1.3542421596857963,9.83458337842475,1.0
2.0539351576723837,9.588897741852637,1.0
0.6858601486967145,8.821343047223815,1.0
1.9055112092461806,9.734362193172108,1.0
0.937726375522608,11.33655216136507,1.0
0.1105184328586831,11.54883582198801,1.0
1.5588320197652874,10.659727289826991,1.0
1.5699102775230398,11.083404288608723,1.0
0.5569898868070291,10.13387820306541,1.0
-0.505345292256648,6.996141199028013,1.0
-0.6066123766478152,10.681671661012397,1.0
1.4075184527661304,9.99850308313348,1.0
0.5208370596847359,12.061149625103393,1.0
0.6520790626264202,10.334916978935082,1.0
-0.7126130649696355,9.183809899518474,1.0
-0.5471828717362262,8.79385070945501,1.0
-0.09616699085814932,11.712558478577076,1.0
1.9095624726643412,9.697291878537355,1.0
-1.6108614639569232,10.734181093163995,1.0
1.0353828564288174,11.447157547190084,1.0
0.8450281439212908,9.952704411084794,1.0
-0.25490392153558655,9.996662288476934,1.0
-0.9538641055041293,10.086680263802211,1.0
-0.9222909729480114,8.161019908055788,1.0
0.9545836319518998,10.09411181236655,1.0
-1.1754005850493165,10.694584972501692,1.0
-2.2844612831683127,11.079423279093898,1.0
0.5301680853622878,9.90374757385041,1.0
1.0230055519631822,8.490878226058348,1.0
-0.5990054474285271,10.118922317470975,1.0
-0.1312402681847716,10.404942640936776,1.0
-0.7937713343152673,11.386429002553127,1.0
0.8448273127882451,10.481803652173689,1.0
-0.5531136750355686,11.877739280240784,1.0
1.4914195947785926,9.186175259352419,1.0
1.3907166423848265,10.22950564294853,1.0
-0.1889017676722269,8.800319174323626,1.0
-0.47531255013660706,8.961363426064116,1.0
-0.1821942967462632,11.476539011493916,1.0
1.0530716985076345,9.515253687353999,1.0
0.041293248162199335,9.72711313104461,1.0
-1.1290150960031797,10.700429871778374,1.0
1.7166496794129313,9.765206096619627,1.0
1.0195893106206808,10.713397348211725,1.0
2.8103116727129174,9.467115597043426,1.0
-0.26365629889952696,8.531081991551389,1.0
-0.485584510594711,8.92716028758905,1.0
1.077814904842899,9.080795215573193,1.0
-0.3617648720125593,10.120861939675873,1.0
1.2181254987831354,9.272711792489128,1.0
-1.5954530537354856,10.122227243065543,1.0
2.0970362376723837,9.294370544811715,1.0
0.31344212420950446,10.7568653923169,1.0
0.9051525991414229,9.465383822354122,1.0
-1.044675232613416,10.119675604968972,1.0
0.4253032298768671,8.753500736714178,1.0
0.24878783986242295,8.606023941874811,1.0
-0.6335123230399874,8.353504161098558,1.0
0.724709179553267,11.97639463316244,1.0
0.5477357365412089,10.906799522997945,1.0
-1.0220515263417385,8.416061322130382,1.0
-1.156390878678438,9.271093394411096,1.0
0.4342731826356632,10.053690562474015,1.0
-0.02979462478378615,9.625092696574612,1.0
2.924909747097334,9.5991901110926,1.0
0.6129417273211187,9.966293192784711,1.0
-0.6525364959755244,9.455072646191267,1.0
0.6237102534236265,9.454129191387885,1.0
1.047959708830504,10.793342142601855,1.0
0.5314589506174683,10.430439425457687,1.0
-0.4919487767965458,8.749430982965919,1.0
0.19560839211507514,11.054655051755846,1.0
1.1698569150524925,8.773688057240431,1.0
-0.5421710802875385,8.899213878163664,1.0
-0.31231171098493365,9.419339356854042,1.0
0.5730973559355135,11.501896444901497,1.0
0.05766364880656845,11.236748513994518,1.0
-1.6371376741563757,10.718730165371047,1.0
-2.7807535677119724,10.346393245506254,1.0
-0.4768806220677087,10.099633599076753,1.0
-0.8817208750130695,9.29926675456094,1.0
0.7750951130607355,10.388405942195618,1.0
-1.149874361380873,10.084392869518023,1.0
0.0281664697304362,8.659612353688471,1.0
-1.7784174167234845,8.810453485869125,1.0
0.21821356050972723,9.387360850207502,1.0
1.8270318719006147,8.57386028324082,1.0
-0.46786181662642207,10.158242478208306,1.0
-0.8886600982891403,8.657473313439525,1.0
0.22703410075374397,9.632821140261889,1.0
-0.021310273273574404,10.587112285826242,1.0
-1.0891308670136377,10.958023445470774,1.0
-0.43808586980453695,11.049028644149999,1.0
-1.1284510494394817,11.058335425022845,1.0
0.5825967145223554,9.789386497647595,1.0
-1.1498723970621352,9.47743600312966,1.0
-0.15822011621665102,9.77773683571465,1.0
-1.0005688776178694,9.355030439172909,1.0
0.9884174994856173,9.238346688930799,1.0
-0.007087224284923443,10.483713356168291,1.0
1.348206780589592,10.959421721820174,1.0
-2.138772035377364,10.905241533031992,1.0
0.08656117504804466,9.681582917940968,1.0
-1.1935953523846252,8.930710439505518,1.0
0.30408675827305476,9.584051335155763,1.0
-0.4073109507000657,8.751429041467727,1.0
-0.40944233499580723,10.745401344910317,1.0
-0.6605662684404632,9.693205322723706,1.0
-0.3016699312793805,9.387493723666038,1.0
-1.2334332650427036,10.152993137136933,1.0
-1.0762953502650339,11.284297557746,1.0
-0.8423402713598077,8.70854591438532,1.0
-0.4639568408861391,10.280835730424034,1.0
1.1780777925618806,9.88613037648983,1.0
-0.962332152843883,8.281898873294436,1.0
-1.6618376294836859,9.144101056428493,1.0
0.5479614957826717,11.126490192646578,1.0
-0.31089742262441994,9.042280166516878,1.0
-1.4821213557213582,9.526219103363129,1.0
-0.19378385276388002,10.367806037839928,1.0
0.11885775829321117,10.119867661734238,1.0
0.1972886121700355,10.63728237803405,1.0
0.550310278834332,10.11589986425048,1.0
1.7311088521492104,10.258310086116365,1.0
-1.4106324694488153,9.396769698658753,1.0
0.10254139994878388,8.31557010431629,1.0
0.2418025720089991,10.443676496423182,1.0
-0.2293065132299829,10.530876148842177,1.0
0.7564414754847616,11.002471208308837,1.0
1.4129585192977316,9.310246779221064,1.0
0.6767516043986115,10.099712320567512,1.0
-1.0400040693428063,10.306580230162938,1.0
-0.6939860925988204,10.39894193005717,1.0
0.001765385740485018,10.248831278657756,1.0
-0.13813183576446347,9.489691951364097,1.0
-0.17767704280250612,9.881561047550104,1.0
0.5679620044972628,10.421959873987046,1.0
-0.9064868734654606,11.814146886104922,1.0
-1.8765978573455504,10.187488269011729,1.0
-2.9145842203831323,11.18084587776582,1.0
1.1273259582097712,9.357441775228562,1.0
-1.3846051793326462,9.456430302221312,1.0
0.7818426038713551,8.621796871392817,1.0
-0.059071249010093106,10.33376431288962,1.0
-0.42751544022333837,10.761063475263299,1.0
2.7457444198674534,9.870880407207876,1.0
0.24262717619889043,11.062131253592797,1.0
-0.9039351142084496,11.065898870499463,1.0
0.9217898483367724,10.596460778548543,1.0
-0.6496623077789765,11.634512670385242,1.0
0.18910098978174936,10.96368447176507,1.0
1.5167618186026914,10.334760488428783,1.0
1.0609740449854446,10.334157974690804,1.0
0.39003694915565446,9.870898595447414,1.0
0.7055932876977373,12.213103017714841,1.0
0.525111561138956,10.993954886106868,1.0
-0.4647235156660412,11.159842120030161,1.0
-0.5676191058530713,11.688381766440108,1.0
-0.31908008817793976,9.061669208583078,1.0
-0.06302559788948361,9.382758673837206,1.0
-0.47365168890443615,10.985831221885643,1.0
-1.991949622791014,9.75089460338358,1.0
-0.4509359016997605,10.525046213450405,1.0
-0.7766813717268275,9.979793347145169,1.0
-0.6463333946991019,9.470253349735687,1.0
0.1522960866515062,11.618764711520193,1.0
-1.08471162245293,9.033584602329189,1.0
-0.6470045725019725,11.102828294478346,1.0
1.4200664952834792,10.54663062783418,1.0
-0.16542692686016097,10.281178614000954,1.0
0.061322375477593345,10.537848373176493,1.0
0.5137090700566557,9.177880350285768,1.0
-1.177998134705856,7.829094997515549,1.0
-0.399028991811586,10.387764081507317,1.0
0.24850871272484726,9.640013507911188,1.0
